piece,square,is_white,period,count
pawn,d4,True,pre-ai,47204
knight,c6,False,pre-ai,37707
king,d2,True,pre-ai,7600
knight,d4,False,pre-ai,12044
king,d3,True,pre-ai,6037
king,c4,True,pre-ai,2783
knight,f6,False,pre-ai,49595
king,c5,True,pre-ai,2047
knight,b8,False,pre-ai,1209
king,b5,True,pre-ai,1628
pawn,d5,False,pre-ai,43756
king,a5,True,pre-ai,843
queen,d6,False,pre-ai,7473
queen,a6,False,pre-ai,1338
pawn,b6,False,pre-ai,14963
king,d4,True,pre-ai,3486
king,e3,True,pre-ai,7310
knight,g4,False,pre-ai,7864
king,f3,True,pre-ai,7952
knight,h6,False,pre-ai,3224
pawn,e3,True,pre-ai,15686
knight,e5,False,pre-ai,14967
king,g3,True,pre-ai,6892
pawn,c5,False,pre-ai,28338
bishop,a6,True,pre-ai,1906
bishop,a6,False,pre-ai,4086
queen,d5,True,pre-ai,5016
pawn,e6,False,pre-ai,27583
queen,e5,True,pre-ai,4565
rook,d8,False,pre-ai,20062
queen,c7,True,pre-ai,2632
rook,d5,False,pre-ai,3257
knight,f3,True,pre-ai,51561
knight,f5,False,pre-ai,5771
king,h3,True,pre-ai,3773
pawn,h5,False,pre-ai,14082
knight,g5,True,pre-ai,9510
rook,h6,False,pre-ai,1488
queen,f7,True,pre-ai,3385
king,d8,False,pre-ai,5637
queen,f8,True,pre-ai,1359
king,c7,False,pre-ai,5149
king,c6,False,pre-ai,4143
pawn,e4,True,pre-ai,44817
rook,d2,False,pre-ai,4407
pawn,f5,True,pre-ai,9792
rook,c2,False,pre-ai,4407
pawn,e6,True,pre-ai,4759
rook,c1,False,pre-ai,2884
pawn,f4,True,pre-ai,20727
pawn,g4,True,pre-ai,17457
bishop,c5,False,pre-ai,11864
pawn,b3,True,pre-ai,15523
queen,h4,False,pre-ai,4874
pawn,e5,False,pre-ai,37561
knight,c3,True,pre-ai,39939
bishop,b4,False,pre-ai,11218
pawn,f3,True,pre-ai,16029
bishop,c3,False,pre-ai,6406
pawn,c3,True,pre-ai,22354
bishop,b5,True,pre-ai,11933
pawn,c6,False,pre-ai,23879
bishop,d3,True,pre-ai,17617
pawn,e4,False,pre-ai,15919
pawn,g3,True,pre-ai,19683
queen,e7,False,pre-ai,12154
bishop,g4,False,pre-ai,13166
king,g1,True,pre-ai,39379
bishop,h3,False,pre-ai,2990
bishop,g5,True,pre-ai,15888
pawn,f6,False,pre-ai,16922
bishop,e3,True,pre-ai,16648
bishop,f1,False,pre-ai,1209
bishop,f1,True,pre-ai,2648
bishop,h6,True,pre-ai,4160
pawn,h6,False,pre-ai,18285
queen,d3,True,pre-ai,9051
king,g8,False,pre-ai,37968
rook,d1,True,pre-ai,21905
knight,d7,False,pre-ai,20972
queen,c4,True,pre-ai,4046
king,g7,False,pre-ai,12767
bishop,h3,True,pre-ai,2255
knight,b6,False,pre-ai,4818
queen,e6,True,pre-ai,3371
queen,e6,False,pre-ai,4869
bishop,e6,True,pre-ai,3388
rook,d7,True,pre-ai,4645
bishop,d7,True,pre-ai,2597
rook,d7,False,pre-ai,4821
pawn,b4,True,pre-ai,18153
bishop,c4,True,pre-ai,17532
knight,e2,True,pre-ai,10608
knight,e4,False,pre-ai,15663
knight,e4,True,pre-ai,14394
pawn,d3,True,pre-ai,13827
pawn,f4,False,pre-ai,8789
knight,f4,True,pre-ai,5051
pawn,f5,False,pre-ai,19034
knight,d5,True,pre-ai,12189
queen,e5,False,pre-ai,5450
knight,c7,True,pre-ai,2841
king,e7,False,pre-ai,11138
knight,a8,True,pre-ai,843
bishop,f4,True,pre-ai,12738
queen,b2,False,pre-ai,3672
bishop,d6,True,pre-ai,3317
king,d7,False,pre-ai,8467
bishop,c5,True,pre-ai,3504
knight,c5,True,pre-ai,4816
king,d6,False,pre-ai,6100
knight,a4,True,pre-ai,3291
pawn,b5,False,pre-ai,20566
knight,b2,True,pre-ai,576
queen,e2,True,pre-ai,13324
rook,a8,False,pre-ai,4142
pawn,c4,False,pre-ai,11614
rook,e1,True,pre-ai,25532
pawn,c3,False,pre-ai,4597
king,c5,False,pre-ai,2883
queen,c6,True,pre-ai,3039
rook,e6,True,pre-ai,3227
pawn,b2,False,pre-ai,1437
rook,e4,True,pre-ai,3556
pawn,b1,False,pre-ai,666
king,g2,True,pre-ai,12036
bishop,b7,False,pre-ai,10479
king,d5,False,pre-ai,3463
rook,e5,True,pre-ai,3644
pawn,d6,False,pre-ai,21808
knight,b4,False,pre-ai,6383
bishop,a3,True,pre-ai,3033
knight,d4,True,pre-ai,15216
pawn,d4,False,pre-ai,22555
queen,d4,True,pre-ai,7012
queen,e3,True,pre-ai,6244
pawn,a5,False,pre-ai,14150
knight,b5,True,pre-ai,7014
bishop,d7,False,pre-ai,12790
knight,d6,True,pre-ai,5115
bishop,d6,False,pre-ai,13419
pawn,e5,True,pre-ai,23475
bishop,e5,False,pre-ai,6548
king,f8,False,pre-ai,9788
bishop,e7,True,pre-ai,3008
queen,e8,False,pre-ai,2861
king,c1,True,pre-ai,8355
rook,c8,False,pre-ai,16243
rook,d6,True,pre-ai,3762
bishop,d8,True,pre-ai,906
bishop,e8,False,pre-ai,1401
bishop,f6,True,pre-ai,7089
rook,e8,True,pre-ai,3725
rook,e7,True,pre-ai,4199
pawn,a4,False,pre-ai,6212
pawn,a4,True,pre-ai,14205
pawn,c4,True,pre-ai,26978
rook,d8,True,pre-ai,4419
pawn,c5,True,pre-ai,10999
rook,e8,False,pre-ai,22958
pawn,a3,False,pre-ai,2986
pawn,c6,True,pre-ai,4459
pawn,c7,True,pre-ai,1345
king,h6,False,pre-ai,3485
pawn,c8,True,pre-ai,624
king,g5,False,pre-ai,3553
pawn,h4,False,pre-ai,6164
pawn,g3,False,pre-ai,3314
rook,h8,True,pre-ai,1783
queen,c5,True,pre-ai,2513
king,g4,False,pre-ai,2324
bishop,e2,True,pre-ai,14426
king,g3,False,pre-ai,1364
king,f4,False,pre-ai,2547
rook,f8,True,pre-ai,2505
king,f2,False,pre-ai,781
queen,f4,True,pre-ai,4285
king,e2,False,pre-ai,738
queen,f5,True,pre-ai,3490
king,e3,False,pre-ai,1436
rook,f7,True,pre-ai,3521
queen,a5,False,pre-ai,6296
pawn,b4,False,pre-ai,9389
pawn,a3,True,pre-ai,15503
queen,a4,False,pre-ai,1762
pawn,a6,False,pre-ai,18005
bishop,a4,True,pre-ai,2463
pawn,g6,False,pre-ai,23675
pawn,f3,False,pre-ai,3773
rook,b1,True,pre-ai,10493
bishop,f3,False,pre-ai,6853
rook,b7,True,pre-ai,4198
rook,f1,True,pre-ai,8684
bishop,d2,True,pre-ai,10871
bishop,a5,True,pre-ai,1084
knight,f6,True,pre-ai,4880
rook,f6,True,pre-ai,2589
bishop,g7,False,pre-ai,13089
queen,d6,True,pre-ai,2985
knight,e5,True,pre-ai,17274
bishop,h6,False,pre-ai,2885
knight,f7,True,pre-ai,3227
knight,h8,True,pre-ai,650
bishop,f4,False,pre-ai,3020
knight,g6,True,pre-ai,2446
queen,g7,False,pre-ai,1678
knight,e6,True,pre-ai,4571
knight,g7,True,pre-ai,864
bishop,d5,True,pre-ai,6198
knight,d5,False,pre-ai,14129
queen,h5,True,pre-ai,6228
knight,c2,False,pre-ai,2689
rook,c1,True,pre-ai,15418
bishop,d5,False,pre-ai,5312
queen,g5,False,pre-ai,5166
queen,g2,False,pre-ai,2626
bishop,e7,False,pre-ai,19088
bishop,c6,True,pre-ai,5998
pawn,h3,True,pre-ai,18790
king,f1,True,pre-ai,9128
knight,h2,False,pre-ai,496
knight,h2,True,pre-ai,1302
queen,h3,False,pre-ai,2360
pawn,d5,True,pre-ai,25469
bishop,f2,False,pre-ai,1823
king,f2,True,pre-ai,11205
queen,h2,False,pre-ai,1925
queen,g3,False,pre-ai,2471
king,e1,True,pre-ai,4137
king,e2,True,pre-ai,10124
queen,h5,False,pre-ai,2489
king,c3,True,pre-ai,4002
king,c8,False,pre-ai,7874
queen,g4,True,pre-ai,5621
king,b8,False,pre-ai,3286
queen,f4,False,pre-ai,3539
king,a8,False,pre-ai,909
queen,g7,True,pre-ai,2749
queen,d7,True,pre-ai,2531
rook,e4,False,pre-ai,3315
rook,e3,False,pre-ai,2952
rook,e5,False,pre-ai,3327
rook,e2,False,pre-ai,3943
bishop,e6,False,pre-ai,12719
queen,d7,False,pre-ai,9638
queen,h8,True,pre-ai,1837
bishop,f8,False,pre-ai,3250
queen,b5,False,pre-ai,2299
queen,c4,False,pre-ai,2626
queen,d4,False,pre-ai,5275
queen,b6,False,pre-ai,8098
pawn,f6,True,pre-ai,5290
queen,h7,True,pre-ai,2428
bishop,f5,False,pre-ai,11229
queen,h4,True,pre-ai,2898
bishop,c2,False,pre-ai,1396
queen,f6,False,pre-ai,9337
queen,f5,False,pre-ai,3977
rook,g8,False,pre-ai,6841
queen,c2,True,pre-ai,8586
knight,a5,False,pre-ai,3631
knight,c4,False,pre-ai,5413
knight,b2,False,pre-ai,1056
knight,d3,False,pre-ai,4765
knight,f2,False,pre-ai,2354
rook,f2,True,pre-ai,4211
pawn,d6,True,pre-ai,5023
bishop,e5,True,pre-ai,5260
rook,f8,False,pre-ai,8799
rook,f5,False,pre-ai,2749
king,e6,False,pre-ai,6940
queen,f3,True,pre-ai,11511
queen,e4,True,pre-ai,5481
queen,a4,True,pre-ai,4391
queen,b3,True,pre-ai,6536
knight,g1,True,pre-ai,761
pawn,e3,False,pre-ai,3312
knight,e3,False,pre-ai,4327
bishop,e3,False,pre-ai,3029
bishop,f7,True,pre-ai,2371
rook,f2,False,pre-ai,3380
king,e4,True,pre-ai,4116
rook,g2,False,pre-ai,2797
knight,e7,False,pre-ai,11495
bishop,b3,True,pre-ai,5207
knight,d2,True,pre-ai,16585
knight,f1,True,pre-ai,1710
knight,g3,True,pre-ai,4425
pawn,g5,False,pre-ai,16038
knight,g6,False,pre-ai,4303
knight,h5,True,pre-ai,1485
rook,h5,False,pre-ai,1521
pawn,g4,False,pre-ai,7608
rook,h7,False,pre-ai,1309
rook,h8,False,pre-ai,2894
rook,a2,True,pre-ai,1906
knight,h3,True,pre-ai,2681
rook,a1,True,pre-ai,3923
rook,h4,False,pre-ai,1829
pawn,a5,True,pre-ai,6110
pawn,a6,True,pre-ai,2855
pawn,b7,True,pre-ai,1310
king,b7,False,pre-ai,2758
bishop,c6,False,pre-ai,5301
rook,a7,True,pre-ai,3924
rook,h1,False,pre-ai,1777
rook,h2,False,pre-ai,2475
rook,a6,True,pre-ai,2707
knight,b5,False,pre-ai,1385
bishop,f6,False,pre-ai,7839
pawn,g6,True,pre-ai,3989
queen,f6,True,pre-ai,3290
king,e8,False,pre-ai,4876
queen,d5,False,pre-ai,7025
bishop,b4,True,pre-ai,2475
queen,g5,True,pre-ai,3685
knight,g5,False,pre-ai,2096
pawn,g5,True,pre-ai,8553
knight,e3,True,pre-ai,3646
knight,a6,False,pre-ai,3404
queen,d2,True,pre-ai,11319
knight,d3,True,pre-ai,3085
knight,b4,True,pre-ai,1379
rook,h7,True,pre-ai,2637
king,f7,False,pre-ai,12138
rook,g7,True,pre-ai,2756
rook,g7,False,pre-ai,1885
rook,b8,False,pre-ai,10815
pawn,e2,False,pre-ai,1100
pawn,e1,False,pre-ai,454
king,c2,True,pre-ai,4773
queen,e2,False,pre-ai,2588
king,b3,True,pre-ai,2614
queen,e3,False,pre-ai,3062
king,b4,True,pre-ai,1980
queen,d2,False,pre-ai,2569
queen,d3,False,pre-ai,2635
bishop,c3,True,pre-ai,4427
king,d1,True,pre-ai,4820
queen,c3,True,pre-ai,4219
queen,a1,False,pre-ai,1772
queen,h1,False,pre-ai,1549
pawn,b3,False,pre-ai,3336
knight,a3,True,pre-ai,3037
rook,e3,True,pre-ai,4294
knight,c2,True,pre-ai,1617
knight,f3,False,pre-ai,3955
bishop,g5,False,pre-ai,3590
pawn,h4,True,pre-ai,15384
bishop,d4,False,pre-ai,5777
rook,g5,False,pre-ai,1833
rook,h6,True,pre-ai,1979
rook,g6,False,pre-ai,2151
bishop,h8,False,pre-ai,439
rook,g4,False,pre-ai,1937
rook,g1,False,pre-ai,1542
queen,f1,True,pre-ai,1476
rook,f1,False,pre-ai,2338
knight,b3,False,pre-ai,2022
bishop,e4,True,pre-ai,6491
bishop,e4,False,pre-ai,5403
queen,d8,True,pre-ai,3119
rook,a3,True,pre-ai,1818
rook,d1,False,pre-ai,4238
rook,c3,True,pre-ai,2490
bishop,a4,False,pre-ai,1205
king,f4,True,pre-ai,4431
pawn,d2,False,pre-ai,1237
pawn,b5,True,pre-ai,8827
pawn,d1,False,pre-ai,492
king,f5,True,pre-ai,2479
queen,f1,False,pre-ai,1263
king,g5,True,pre-ai,2469
king,g6,True,pre-ai,1447
queen,f7,False,pre-ai,2858
pawn,b6,True,pre-ai,3144
king,h4,True,pre-ai,2339
rook,e1,False,pre-ai,3739
king,g4,True,pre-ai,3912
king,h2,True,pre-ai,7851
rook,f4,False,pre-ai,2684
queen,b7,True,pre-ai,3351
queen,a8,True,pre-ai,1602
queen,a7,True,pre-ai,2057
queen,c3,False,pre-ai,3210
bishop,d4,True,pre-ai,5634
queen,c6,False,pre-ai,4236
bishop,g7,True,pre-ai,2382
bishop,h7,True,pre-ai,1123
bishop,g8,True,pre-ai,478
knight,g8,False,pre-ai,1018
bishop,b2,True,pre-ai,7593
knight,f1,False,pre-ai,749
bishop,b5,False,pre-ai,2979
rook,c4,False,pre-ai,2937
bishop,c4,False,pre-ai,3281
bishop,d2,False,pre-ai,2274
knight,h1,False,pre-ai,393
bishop,h5,False,pre-ai,2723
rook,h1,True,pre-ai,2890
bishop,f7,False,pre-ai,1505
rook,g1,True,pre-ai,6395
bishop,g2,True,pre-ai,9991
bishop,a5,False,pre-ai,1793
bishop,b1,False,pre-ai,575
knight,e1,True,pre-ai,1487
bishop,g2,False,pre-ai,2103
queen,c8,False,pre-ai,2623
rook,d3,True,pre-ai,3821
bishop,e1,False,pre-ai,632
rook,f3,True,pre-ai,3781
rook,b2,False,pre-ai,4259
queen,d8,False,pre-ai,4041
queen,e4,False,pre-ai,4338
pawn,h5,True,pre-ai,7247
queen,g4,False,pre-ai,3177
king,h1,True,pre-ai,8044
queen,c1,True,pre-ai,2205
queen,b2,True,pre-ai,1713
rook,f6,False,pre-ai,3434
queen,b6,True,pre-ai,1663
rook,d6,False,pre-ai,3358
rook,c6,False,pre-ai,2478
bishop,c8,False,pre-ai,2468
queen,a3,True,pre-ai,1219
rook,d2,True,pre-ai,5111
rook,c2,True,pre-ai,3262
king,b1,True,pre-ai,3860
queen,b5,True,pre-ai,3013
queen,a6,True,pre-ai,1788
queen,g6,False,pre-ai,3551
queen,f3,False,pre-ai,3016
queen,d1,False,pre-ai,2743
king,a2,True,pre-ai,1199
rook,b3,True,pre-ai,1914
queen,g1,False,pre-ai,989
knight,c6,True,pre-ai,5537
queen,c7,False,pre-ai,10127
queen,e1,False,pre-ai,1787
knight,h4,True,pre-ai,3759
king,h8,False,pre-ai,7505
bishop,d1,False,pre-ai,931
rook,d4,False,pre-ai,3403
rook,f3,False,pre-ai,2593
queen,f2,False,pre-ai,2914
knight,b1,True,pre-ai,981
knight,b3,True,pre-ai,3769
queen,b4,True,pre-ai,2247
bishop,a3,False,pre-ai,1774
rook,c8,True,pre-ai,2813
queen,b4,False,pre-ai,3276
queen,a3,False,pre-ai,1879
bishop,c1,True,pre-ai,2051
knight,a5,True,pre-ai,1177
bishop,c7,True,pre-ai,1363
queen,b1,False,pre-ai,1186
knight,d8,False,pre-ai,1085
knight,a1,False,pre-ai,807
king,b2,True,pre-ai,2715
queen,c1,False,pre-ai,1593
queen,c2,False,pre-ai,2676
king,a4,True,pre-ai,1044
queen,e8,True,pre-ai,1782
bishop,h5,True,pre-ai,1619
bishop,g4,True,pre-ai,2767
rook,b5,False,pre-ai,1729
rook,c7,True,pre-ai,4404
bishop,b6,False,pre-ai,3179
knight,f5,True,pre-ai,5078
queen,a5,True,pre-ai,1585
rook,d5,True,pre-ai,3482
queen,c8,True,pre-ai,1559
knight,c8,False,pre-ai,783
king,b6,False,pre-ai,2769
pawn,f2,False,pre-ai,1092
king,a5,False,pre-ai,1020
king,a4,False,pre-ai,891
knight,f4,False,pre-ai,5179
queen,h6,True,pre-ai,2846
bishop,a7,True,pre-ai,855
knight,d1,True,pre-ai,1200
rook,g5,True,pre-ai,1854
rook,g2,True,pre-ai,1806
queen,g6,True,pre-ai,2652
queen,g2,True,pre-ai,1620
queen,f2,True,pre-ai,3130
rook,e6,False,pre-ai,3683
bishop,d3,False,pre-ai,3395
knight,e6,False,pre-ai,3453
king,d5,True,pre-ai,2221
bishop,g6,False,pre-ai,3724
queen,b7,False,pre-ai,2126
bishop,b7,True,pre-ai,1783
bishop,f5,True,pre-ai,3267
knight,a3,False,pre-ai,559
knight,d8,True,pre-ai,841
king,a7,False,pre-ai,1240
knight,b8,True,pre-ai,272
rook,b1,False,pre-ai,2069
bishop,c8,True,pre-ai,663
knight,b1,False,pre-ai,248
knight,h4,False,pre-ai,1361
rook,a2,False,pre-ai,4184
rook,a6,False,pre-ai,1812
pawn,h3,False,pre-ai,2540
pawn,h2,False,pre-ai,1164
rook,a5,False,pre-ai,1759
knight,d6,False,pre-ai,2998
bishop,h1,False,pre-ai,439
bishop,h2,True,pre-ai,784
knight,c5,False,pre-ai,6762
bishop,f3,True,pre-ai,6445
knight,g4,True,pre-ai,2617
king,f6,False,pre-ai,7850
bishop,h4,False,pre-ai,1912
rook,f7,False,pre-ai,4519
pawn,d3,False,pre-ai,3662
rook,h3,False,pre-ai,1852
rook,f5,True,pre-ai,2475
pawn,g2,False,pre-ai,1177
pawn,g1,False,pre-ai,521
bishop,e1,True,pre-ai,1183
queen,d1,True,pre-ai,3310
bishop,e2,False,pre-ai,2294
rook,b2,True,pre-ai,1982
rook,e2,True,pre-ai,4798
knight,c1,False,pre-ai,725
king,c4,False,pre-ai,2121
knight,d7,True,pre-ai,2353
king,f5,False,pre-ai,4256
king,h4,False,pre-ai,1336
rook,c4,True,pre-ai,2226
king,e5,False,pre-ai,4157
rook,c5,True,pre-ai,2578
rook,h2,True,pre-ai,1229
rook,h4,True,pre-ai,1668
knight,c4,True,pre-ai,6121
knight,a7,False,pre-ai,482
queen,g3,True,pre-ai,4527
queen,g8,True,pre-ai,1154
queen,c5,False,pre-ai,4258
knight,b6,True,pre-ai,1853
pawn,f7,True,pre-ai,1318
knight,b7,True,pre-ai,1162
bishop,f2,True,pre-ai,1953
knight,h5,False,pre-ai,4104
rook,g3,True,pre-ai,2420
bishop,c1,False,pre-ai,751
pawn,a2,False,pre-ai,1569
pawn,a1,False,pre-ai,852
rook,g6,True,pre-ai,1908
rook,g8,True,pre-ai,1512
rook,a8,True,pre-ai,2587
rook,c6,True,pre-ai,3032
knight,e7,True,pre-ai,2448
king,b5,False,pre-ai,2079
king,d4,False,pre-ai,2312
king,h7,False,pre-ai,7080
rook,h3,True,pre-ai,1821
rook,b4,False,pre-ai,2372
rook,b6,False,pre-ai,1866
king,a3,True,pre-ai,1077
rook,b7,False,pre-ai,2030
bishop,d8,False,pre-ai,1615
knight,a7,True,pre-ai,751
pawn,h1,False,pre-ai,601
knight,d1,False,pre-ai,778
pawn,f1,False,pre-ai,531
bishop,c7,False,pre-ai,1969
knight,g8,True,pre-ai,220
bishop,h2,False,pre-ai,875
knight,c7,False,pre-ai,1832
knight,c3,False,pre-ai,4639
king,b4,False,pre-ai,1715
knight,a4,False,pre-ai,1182
king,c3,False,pre-ai,1411
king,c2,False,pre-ai,848
king,d3,False,pre-ai,1436
pawn,c2,False,pre-ai,1325
pawn,c1,False,pre-ai,591
queen,e7,True,pre-ai,2640
knight,e2,False,pre-ai,2224
rook,b3,False,pre-ai,2578
bishop,b2,False,pre-ai,1963
knight,c8,True,pre-ai,793
rook,h5,True,pre-ai,1925
rook,a5,True,pre-ai,2205
knight,g2,False,pre-ai,676
king,e5,True,pre-ai,2366
bishop,g1,False,pre-ai,349
rook,d3,False,pre-ai,3210
bishop,g3,True,pre-ai,3973
bishop,h4,True,pre-ai,3195
queen,h3,True,pre-ai,1929
knight,g3,False,pre-ai,2172
king,g6,False,pre-ai,6272
knight,f2,True,pre-ai,1279
rook,c3,False,pre-ai,3320
rook,g4,True,pre-ai,1779
queen,a2,False,pre-ai,2148
rook,a3,False,pre-ai,2973
queen,b1,True,pre-ai,1182
rook,a7,False,pre-ai,2063
rook,e7,False,pre-ai,4482
queen,b8,True,pre-ai,1184
queen,a1,True,pre-ai,835
king,h5,True,pre-ai,1431
king,h6,True,pre-ai,907
knight,f8,False,pre-ai,1826
king,g7,True,pre-ai,806
pawn,h6,True,pre-ai,2957
pawn,h7,True,pre-ai,1298
knight,d2,False,pre-ai,2206
knight,b7,False,pre-ai,562
queen,e1,True,pre-ai,2951
rook,a4,True,pre-ai,1817
rook,d4,True,pre-ai,3339
king,d6,True,pre-ai,1458
queen,b3,False,pre-ai,1695
knight,f8,True,pre-ai,844
rook,b6,True,pre-ai,2347
rook,a1,False,pre-ai,2604
rook,g3,False,pre-ai,1889
rook,b8,True,pre-ai,2174
queen,h6,False,pre-ai,1536
pawn,d8,True,pre-ai,553
bishop,b3,False,pre-ai,1251
bishop,a8,True,pre-ai,782
bishop,b6,True,pre-ai,1451
rook,a4,False,pre-ai,2364
pawn,a7,True,pre-ai,1508
bishop,g3,False,pre-ai,1682
king,h5,False,pre-ai,1993
king,a1,True,pre-ai,956
bishop,h7,False,pre-ai,703
king,c6,True,pre-ai,1346
king,b7,True,pre-ai,808
king,a7,True,pre-ai,494
king,b6,True,pre-ai,1163
knight,e1,False,pre-ai,632
rook,c5,False,pre-ai,2336
bishop,a1,False,pre-ai,854
bishop,g6,True,pre-ai,2126
pawn,b8,True,pre-ai,613
queen,a7,False,pre-ai,806
king,h3,False,pre-ai,829
rook,b4,True,pre-ai,1733
bishop,h8,True,pre-ai,421
queen,a8,False,pre-ai,971
king,f3,False,pre-ai,1488
king,g2,False,pre-ai,706
king,g1,False,pre-ai,380
knight,f7,False,pre-ai,1369
king,d2,False,pre-ai,683
king,b2,False,pre-ai,855
king,a2,False,pre-ai,556
king,a1,False,pre-ai,272
knight,h7,False,pre-ai,1107
bishop,f8,True,pre-ai,1269
knight,h7,True,pre-ai,666
bishop,c2,True,pre-ai,3066
rook,b5,True,pre-ai,2078
knight,a6,True,pre-ai,635
king,a6,False,pre-ai,1146
king,h2,False,pre-ai,476
pawn,f8,True,pre-ai,519
bishop,g1,True,pre-ai,314
pawn,a8,True,pre-ai,864
queen,h2,True,pre-ai,578
queen,b8,False,pre-ai,1539
queen,f8,False,pre-ai,1521
queen,a2,True,pre-ai,675
king,e7,True,pre-ai,727
king,d8,True,pre-ai,259
king,c8,True,pre-ai,285
bishop,h1,True,pre-ai,314
bishop,b8,True,pre-ai,581
pawn,d7,True,pre-ai,1435
pawn,g7,True,pre-ai,1257
pawn,g8,True,pre-ai,528
king,e6,True,pre-ai,1368
king,f1,False,pre-ai,324
bishop,a2,True,pre-ai,959
rook,f4,True,pre-ai,2654
knight,a8,False,pre-ai,139
knight,a2,False,pre-ai,673
bishop,e8,True,pre-ai,607
knight,h6,True,pre-ai,968
king,b3,False,pre-ai,1244
pawn,e7,True,pre-ai,1187
pawn,e8,True,pre-ai,467
knight,h3,False,pre-ai,829
pawn,h8,True,pre-ai,665
queen,h7,False,pre-ai,535
rook,c7,False,pre-ai,3372
king,a3,False,pre-ai,737
knight,c1,True,pre-ai,748
knight,a2,True,pre-ai,483
queen,g1,True,pre-ai,484
bishop,d1,True,pre-ai,1452
king,c7,True,pre-ai,781
king,a6,True,pre-ai,662
bishop,a8,False,pre-ai,607
queen,h8,False,pre-ai,363
queen,g8,False,pre-ai,541
king,f6,True,pre-ai,1591
knight,e8,False,pre-ai,1971
bishop,a1,True,pre-ai,429
king,f7,True,pre-ai,759
king,h7,True,pre-ai,529
knight,g2,True,pre-ai,661
king,e4,False,pre-ai,2433
bishop,a7,False,pre-ai,738
knight,g1,False,pre-ai,134
queen,h1,True,pre-ai,330
bishop,a2,False,pre-ai,771
king,c1,False,pre-ai,338
king,b1,False,pre-ai,406
king,b8,True,pre-ai,324
king,e1,False,pre-ai,290
bishop,b1,True,pre-ai,980
knight,e8,True,pre-ai,650
king,a8,True,pre-ai,226
king,h1,False,pre-ai,244
king,d7,True,pre-ai,700
king,f8,True,pre-ai,291
king,e8,True,pre-ai,262
king,g8,True,pre-ai,362
king,d1,False,pre-ai,268
knight,g7,False,pre-ai,794
bishop,g8,False,pre-ai,271
king,h8,True,pre-ai,253
bishop,b8,False,pre-ai,563
knight,a1,True,pre-ai,102
knight,h1,True,pre-ai,147
knight,h8,False,pre-ai,119
pawn,e4,True,early-post-ai,44621
pawn,e5,False,early-post-ai,37335
queen,h5,True,early-post-ai,5708
pawn,g6,False,early-post-ai,24497
queen,e5,True,early-post-ai,4674
bishop,e7,False,early-post-ai,19043
queen,h8,True,early-post-ai,1738
bishop,f6,False,early-post-ai,8322
queen,g8,True,early-post-ai,1003
king,e7,False,early-post-ai,11050
queen,h7,True,early-post-ai,2354
knight,f3,True,early-post-ai,51834
pawn,d5,False,early-post-ai,44089
pawn,d4,True,early-post-ai,47701
knight,f6,False,early-post-ai,50416
pawn,e3,True,early-post-ai,16073
knight,e4,False,early-post-ai,15811
pawn,c4,True,early-post-ai,26823
pawn,c5,False,early-post-ai,28563
pawn,d5,True,early-post-ai,25970
pawn,d4,False,early-post-ai,22635
knight,d4,True,early-post-ai,15432
pawn,e6,True,early-post-ai,4690
pawn,e6,False,early-post-ai,27536
bishop,d3,True,early-post-ai,18087
bishop,b4,False,early-post-ai,10907
knight,c3,True,early-post-ai,40315
knight,c3,False,early-post-ai,4853
pawn,c3,True,early-post-ai,22628
bishop,c3,False,early-post-ai,6341
bishop,d2,True,early-post-ai,10473
bishop,a1,False,early-post-ai,919
queen,a1,True,early-post-ai,807
bishop,b5,True,early-post-ai,12232
bishop,d7,False,early-post-ai,12605
bishop,d7,True,early-post-ai,2567
queen,d7,False,early-post-ai,9651
knight,b3,True,early-post-ai,3711
knight,c6,False,early-post-ai,37745
knight,c5,True,early-post-ai,4891
queen,c7,False,early-post-ai,10046
king,g1,True,early-post-ai,39711
king,c8,False,early-post-ai,7550
bishop,c3,True,early-post-ai,4238
rook,e8,False,early-post-ai,23449
rook,b1,True,early-post-ai,9929
pawn,b6,False,early-post-ai,14988
knight,a6,True,early-post-ai,555
queen,b7,False,early-post-ai,2133
knight,b4,True,early-post-ai,1365
knight,b4,False,early-post-ai,6410
bishop,b4,True,early-post-ai,2443
pawn,e4,False,early-post-ai,15997
rook,c1,True,early-post-ai,15582
king,d7,False,early-post-ai,8227
queen,d4,True,early-post-ai,7089
king,e6,False,early-post-ai,7131
queen,c4,True,early-post-ai,3933
king,e5,False,early-post-ai,4370
king,d6,False,early-post-ai,5925
rook,d1,True,early-post-ai,23035
king,f6,False,early-post-ai,8196
queen,c3,True,early-post-ai,4066
rook,d8,True,early-post-ai,4676
rook,d8,False,early-post-ai,20850
pawn,g3,True,early-post-ai,19405
rook,d1,False,early-post-ai,4370
king,g2,True,early-post-ai,12397
pawn,a5,False,early-post-ai,13955
queen,b3,True,early-post-ai,6386
rook,d5,False,early-post-ai,3451
bishop,a5,True,early-post-ai,1151
bishop,b6,True,early-post-ai,1629
king,c6,False,early-post-ai,4019
bishop,d4,True,early-post-ai,5792
queen,b5,False,early-post-ai,2230
rook,c5,False,early-post-ai,2433
bishop,c5,True,early-post-ai,3596
queen,c5,False,early-post-ai,4180
queen,g7,True,early-post-ai,2739
queen,a5,False,early-post-ai,5951
queen,a4,False,early-post-ai,1632
queen,g6,True,early-post-ai,2614
king,b5,False,early-post-ai,1890
queen,f5,True,early-post-ai,3402
queen,e6,True,early-post-ai,3353
queen,d7,True,early-post-ai,2524
king,b4,False,early-post-ai,1708
queen,a4,True,early-post-ai,4257
king,a4,False,early-post-ai,853
pawn,h4,True,early-post-ai,15073
king,a3,False,early-post-ai,685
pawn,h5,True,early-post-ai,7217
king,a2,False,early-post-ai,564
pawn,h6,True,early-post-ai,2815
king,b3,False,early-post-ai,1274
pawn,h7,True,early-post-ai,1157
king,c2,False,early-post-ai,885
pawn,h8,True,early-post-ai,585
king,d2,False,early-post-ai,759
king,e2,False,early-post-ai,806
queen,e4,True,early-post-ai,5822
pawn,g4,True,early-post-ai,17398
king,c3,False,early-post-ai,1427
queen,d5,True,early-post-ai,5293
pawn,g5,True,early-post-ai,8457
pawn,g6,True,early-post-ai,4098
queen,c6,True,early-post-ai,2947
king,a5,False,early-post-ai,988
queen,b7,True,early-post-ai,3445
pawn,g7,True,early-post-ai,1213
pawn,g8,True,early-post-ai,488
rook,a8,True,early-post-ai,2565
pawn,d6,False,early-post-ai,22181
bishop,e6,False,early-post-ai,13403
queen,f3,True,early-post-ai,11380
pawn,a4,True,early-post-ai,13678
knight,d7,False,early-post-ai,21466
pawn,b3,True,early-post-ai,15479
knight,h3,True,early-post-ai,2686
pawn,g5,False,early-post-ai,15862
pawn,h6,False,early-post-ai,17934
bishop,g4,False,early-post-ai,13395
queen,g3,True,early-post-ai,4496
pawn,h5,False,early-post-ai,13443
pawn,f3,True,early-post-ai,16086
bishop,h3,False,early-post-ai,2895
queen,h3,True,early-post-ai,1970
pawn,g4,False,early-post-ai,7224
knight,g4,False,early-post-ai,7679
king,g8,False,early-post-ai,39124
rook,g1,True,early-post-ai,6182
bishop,h4,False,early-post-ai,1787
king,e2,True,early-post-ai,10075
queen,e7,False,early-post-ai,12029
queen,g4,True,early-post-ai,5629
king,h8,False,early-post-ai,7747
pawn,e5,True,early-post-ai,23666
bishop,e3,True,early-post-ai,17148
bishop,e2,True,early-post-ai,14480
knight,d4,False,early-post-ai,12157
queen,d2,True,early-post-ai,11371
pawn,a3,True,early-post-ai,14397
knight,c5,False,early-post-ai,7001
pawn,b4,True,early-post-ai,17263
queen,e3,True,early-post-ai,6130
bishop,b7,False,early-post-ai,10719
pawn,d3,True,early-post-ai,13753
queen,d4,False,early-post-ai,5316
queen,e4,False,early-post-ai,4291
queen,e2,True,early-post-ai,13085
queen,e2,False,early-post-ai,2426
bishop,e5,True,early-post-ai,5702
bishop,g7,True,early-post-ai,2697
rook,g8,False,early-post-ai,6584
bishop,f6,True,early-post-ai,7351
knight,b3,False,early-post-ai,1887
bishop,f5,False,early-post-ai,11624
bishop,c2,False,early-post-ai,1539
rook,d5,True,early-post-ai,3703
bishop,e4,False,early-post-ai,5288
rook,e5,True,early-post-ai,3713
rook,e4,True,early-post-ai,3767
knight,d2,False,early-post-ai,2088
rook,e7,True,early-post-ai,4383
king,c5,False,early-post-ai,2914
rook,d2,True,early-post-ai,5171
king,d4,False,early-post-ai,2408
bishop,d8,True,early-post-ai,1037
bishop,c7,True,early-post-ai,1493
bishop,g3,True,early-post-ai,4227
bishop,f3,True,early-post-ai,6879
pawn,b5,False,early-post-ai,20223
pawn,b5,True,early-post-ai,8549
pawn,b6,True,early-post-ai,2993
pawn,b7,True,early-post-ai,1287
pawn,f4,True,early-post-ai,20578
pawn,f5,False,early-post-ai,18996
knight,e7,False,early-post-ai,11062
pawn,h3,True,early-post-ai,18581
knight,d5,False,early-post-ai,14682
queen,h4,False,early-post-ai,4471
queen,g3,False,early-post-ai,2181
knight,f4,False,early-post-ai,5250
bishop,f4,True,early-post-ai,14046
queen,f4,False,early-post-ai,3457
knight,d2,True,early-post-ai,16499
bishop,d5,False,early-post-ai,5642
king,f2,True,early-post-ai,11107
queen,g4,False,early-post-ai,2993
bishop,h3,True,early-post-ai,2265
knight,e4,True,early-post-ai,14931
queen,e1,True,early-post-ai,2816
queen,c2,False,early-post-ai,2653
queen,b2,False,early-post-ai,3835
bishop,g4,True,early-post-ai,2915
king,g3,True,early-post-ai,6628
queen,e5,False,early-post-ai,5705
bishop,h5,True,early-post-ai,1551
knight,e5,False,early-post-ai,15657
rook,h2,True,early-post-ai,1268
bishop,c5,False,early-post-ai,12165
bishop,e3,False,early-post-ai,3104
rook,f3,False,early-post-ai,2582
rook,f2,False,early-post-ai,3359
rook,h2,False,early-post-ai,2296
pawn,a6,False,early-post-ai,17634
bishop,f3,False,early-post-ai,7132
knight,g8,False,early-post-ai,927
king,c1,True,early-post-ai,8685
bishop,e4,True,early-post-ai,6695
knight,a5,False,early-post-ai,3494
rook,e1,True,early-post-ai,26415
bishop,f5,True,early-post-ai,3362
knight,d5,True,early-post-ai,12635
queen,d6,False,early-post-ai,7594
knight,f6,True,early-post-ai,4985
queen,f6,False,early-post-ai,9566
rook,e2,True,early-post-ai,5066
pawn,c4,False,early-post-ai,11388
bishop,a6,False,early-post-ai,4038
knight,a2,False,early-post-ai,679
rook,a1,True,early-post-ai,3754
queen,d3,True,early-post-ai,9048
rook,b8,False,early-post-ai,10917
rook,a6,True,early-post-ai,2734
bishop,d6,False,early-post-ai,13484
queen,a5,True,early-post-ai,1514
bishop,a5,False,early-post-ai,1736
rook,b1,False,early-post-ai,2163
queen,a8,False,early-post-ai,970
knight,e5,True,early-post-ai,17648
bishop,e5,False,early-post-ai,6847
bishop,g5,True,early-post-ai,16134
pawn,f6,False,early-post-ai,16847
queen,e8,False,early-post-ai,2993
queen,b5,True,early-post-ai,2878
queen,e8,True,early-post-ai,1734
rook,d4,True,early-post-ai,3527
bishop,d1,True,early-post-ai,1440
knight,g6,False,early-post-ai,4255
pawn,d6,True,early-post-ai,5145
pawn,f5,True,early-post-ai,9763
king,d8,False,early-post-ai,5449
knight,b5,True,early-post-ai,6967
king,d1,True,early-post-ai,4714
king,e8,False,early-post-ai,4793
knight,e3,False,early-post-ai,4266
bishop,d2,False,early-post-ai,2251
bishop,a4,True,early-post-ai,2491
bishop,a4,False,early-post-ai,1256
pawn,f6,True,early-post-ai,5106
bishop,h4,True,early-post-ai,3325
queen,a7,True,early-post-ai,2021
king,b1,True,early-post-ai,3992
queen,a8,True,early-post-ai,1749
queen,f5,False,early-post-ai,3826
rook,d7,False,early-post-ai,4840
pawn,c6,False,early-post-ai,23804
knight,e7,True,early-post-ai,2501
king,c7,False,early-post-ai,4948
queen,f1,False,early-post-ai,1207
queen,d1,False,early-post-ai,2902
bishop,c4,True,early-post-ai,17612
knight,g5,True,early-post-ai,9629
queen,g5,False,early-post-ai,5226
bishop,b3,True,early-post-ai,5498
bishop,e6,True,early-post-ai,3593
knight,c2,False,early-post-ai,2800
knight,a1,False,early-post-ai,815
bishop,h6,False,early-post-ai,2799
bishop,g7,False,early-post-ai,14259
bishop,c8,True,early-post-ai,766
king,f1,True,early-post-ai,8885
queen,d3,False,early-post-ai,2584
queen,b1,False,early-post-ai,1199
queen,d5,False,early-post-ai,7064
bishop,b7,True,early-post-ai,2103
queen,c2,True,early-post-ai,8588
knight,d7,True,early-post-ai,2425
knight,d3,True,early-post-ai,3152
rook,b5,False,early-post-ai,1821
rook,e5,False,early-post-ai,3607
queen,b4,True,early-post-ai,2226
knight,c6,True,early-post-ai,5360
king,d5,False,early-post-ai,3492
king,c4,False,early-post-ai,2059
knight,b8,True,early-post-ai,229
pawn,a4,False,early-post-ai,6082
bishop,d8,False,early-post-ai,1591
rook,a4,True,early-post-ai,1713
rook,e7,False,early-post-ai,4623
knight,f3,False,early-post-ai,4225
king,f3,True,early-post-ai,7930
rook,e1,False,early-post-ai,3765
rook,c5,True,early-post-ai,2678
bishop,g3,False,early-post-ai,1892
rook,a7,True,early-post-ai,4071
rook,e6,False,early-post-ai,3690
rook,e4,False,early-post-ai,3338
pawn,c7,True,early-post-ai,1227
rook,c7,False,early-post-ai,3452
rook,c7,True,early-post-ai,4468
king,f5,False,early-post-ai,4510
king,e4,False,early-post-ai,2640
king,d3,False,early-post-ai,1422
queen,f7,True,early-post-ai,3350
queen,e7,True,early-post-ai,2665
queen,f6,True,early-post-ai,3261
knight,a3,True,early-post-ai,2967
king,d3,True,early-post-ai,5890
bishop,h5,False,early-post-ai,2784
bishop,g6,False,early-post-ai,3790
king,c3,True,early-post-ai,3777
rook,e3,False,early-post-ai,2930
bishop,d3,False,early-post-ai,3481
rook,c8,False,early-post-ai,16921
rook,g5,True,early-post-ai,1947
king,f8,False,early-post-ai,9619
knight,a7,True,early-post-ai,698
rook,f5,True,early-post-ai,2570
king,g7,False,early-post-ai,13545
rook,f4,True,early-post-ai,2785
bishop,a7,False,early-post-ai,738
bishop,e2,False,early-post-ai,2323
king,d2,True,early-post-ai,7446
rook,g4,True,early-post-ai,1901
king,c2,True,early-post-ai,4656
king,h6,False,early-post-ai,3680
bishop,c1,False,early-post-ai,750
king,b2,True,early-post-ai,2708
king,a3,True,early-post-ai,1084
rook,d3,False,early-post-ai,3234
rook,e2,False,early-post-ai,4018
rook,h3,False,early-post-ai,1851
knight,c4,True,early-post-ai,6119
knight,g6,True,early-post-ai,2328
rook,h7,False,early-post-ai,1231
bishop,h7,True,early-post-ai,1213
queen,h7,False,early-post-ai,471
knight,g4,True,early-post-ai,2608
queen,f7,False,early-post-ai,2763
bishop,f4,False,early-post-ai,3295
knight,a4,True,early-post-ai,3128
bishop,b5,False,early-post-ai,3071
bishop,c4,False,early-post-ai,3431
pawn,c5,True,early-post-ai,10834
rook,a3,True,early-post-ai,1658
rook,d3,True,early-post-ai,3993
queen,h5,False,early-post-ai,2296
bishop,h2,False,early-post-ai,896
knight,h2,True,early-post-ai,1230
queen,h2,False,early-post-ai,1835
king,b7,False,early-post-ai,2699
rook,b3,True,early-post-ai,1840
bishop,g2,True,early-post-ai,10252
queen,c6,False,early-post-ai,4107
pawn,f4,False,early-post-ai,8646
knight,f4,True,early-post-ai,5050
bishop,c6,True,early-post-ai,6434
rook,c2,True,early-post-ai,3200
bishop,f2,True,early-post-ai,1940
queen,c5,True,early-post-ai,2552
pawn,h4,False,early-post-ai,5640
queen,b6,True,early-post-ai,1680
queen,a6,True,early-post-ai,1747
king,f7,False,early-post-ai,12092
rook,a8,False,early-post-ai,4147
king,g6,False,early-post-ai,6583
rook,e8,True,early-post-ai,4035
bishop,d4,False,early-post-ai,6129
queen,h4,True,early-post-ai,2641
knight,h4,False,early-post-ai,1277
knight,c7,True,early-post-ai,2968
knight,a8,True,early-post-ai,926
knight,b6,True,early-post-ai,1778
pawn,b4,False,early-post-ai,8962
knight,c8,True,early-post-ai,790
rook,f3,True,early-post-ai,3955
rook,f8,True,early-post-ai,2445
pawn,e3,False,early-post-ai,3218
rook,h3,True,early-post-ai,1831
rook,e3,True,early-post-ai,4441
knight,g5,False,early-post-ai,2200
knight,h3,False,early-post-ai,824
knight,e6,True,early-post-ai,4693
king,b8,False,early-post-ai,3231
rook,g1,False,early-post-ai,1452
bishop,b6,False,early-post-ai,3282
pawn,d3,False,early-post-ai,3518
knight,b2,True,early-post-ai,550
bishop,b2,True,early-post-ai,7465
bishop,f1,False,early-post-ai,1232
knight,a6,False,early-post-ai,3504
king,h1,True,early-post-ai,8062
queen,f1,True,early-post-ai,1380
knight,d3,False,early-post-ai,4757
queen,d1,True,early-post-ai,3360
knight,b2,False,early-post-ai,1049
queen,b1,True,early-post-ai,1231
queen,c4,False,early-post-ai,2598
rook,f1,True,early-post-ai,8641
rook,d4,False,early-post-ai,3308
rook,b4,False,early-post-ai,2287
rook,a4,False,early-post-ai,2158
knight,c1,True,early-post-ai,751
rook,f8,False,early-post-ai,8615
rook,g4,False,early-post-ai,1854
rook,a3,False,early-post-ai,2735
queen,c7,True,early-post-ai,2550
rook,g3,False,early-post-ai,1747
rook,e6,True,early-post-ai,3446
rook,f4,False,early-post-ai,2524
king,e1,True,early-post-ai,4067
bishop,d1,False,early-post-ai,995
queen,b3,False,early-post-ai,1645
rook,a2,True,early-post-ai,1726
rook,b2,True,early-post-ai,1895
queen,g5,True,early-post-ai,3509
bishop,b2,False,early-post-ai,2196
knight,a4,False,early-post-ai,1110
queen,h6,True,early-post-ai,2792
rook,b5,True,early-post-ai,2035
queen,f4,True,early-post-ai,4283
rook,b4,True,early-post-ai,1675
knight,f7,True,early-post-ai,3186
knight,h8,True,early-post-ai,643
pawn,c6,True,early-post-ai,4336
queen,h8,False,early-post-ai,344
queen,d2,False,early-post-ai,2548
queen,c8,True,early-post-ai,1431
queen,f8,True,early-post-ai,1361
king,g5,False,early-post-ai,3752
rook,f7,True,early-post-ai,3612
bishop,d5,True,early-post-ai,6370
bishop,d6,True,early-post-ai,3581
knight,c8,False,early-post-ai,850
knight,d6,False,early-post-ai,3185
bishop,a7,True,early-post-ai,902
king,a8,False,early-post-ai,941
king,a7,False,early-post-ai,1170
rook,d7,True,early-post-ai,4728
rook,g7,True,early-post-ai,2758
rook,b7,True,early-post-ai,4326
knight,h5,False,early-post-ai,4219
queen,c1,False,early-post-ai,1556
rook,h1,False,early-post-ai,1669
queen,g1,False,early-post-ai,933
king,f4,True,early-post-ai,4351
king,e3,True,early-post-ai,7312
queen,f3,False,early-post-ai,3019
king,d4,True,early-post-ai,3577
knight,f2,False,early-post-ai,2333
rook,f2,True,early-post-ai,4369
knight,g3,False,early-post-ai,2142
knight,f1,True,early-post-ai,1791
knight,g3,True,early-post-ai,4534
knight,e3,True,early-post-ai,3899
king,h7,False,early-post-ai,7245
bishop,c2,True,early-post-ai,3342
rook,f5,False,early-post-ai,2916
knight,b6,False,early-post-ai,4909
queen,a3,True,early-post-ai,1245
bishop,a3,False,early-post-ai,1701
knight,g2,False,early-post-ai,690
rook,c4,False,early-post-ai,3013
pawn,h3,False,early-post-ai,2259
king,h3,True,early-post-ai,3558
king,b6,False,early-post-ai,2641
king,b2,False,early-post-ai,838
pawn,a3,False,early-post-ai,2745
pawn,a2,False,early-post-ai,1329
pawn,a1,False,early-post-ai,766
queen,h1,False,early-post-ai,1414
pawn,c3,False,early-post-ai,4407
bishop,g1,False,early-post-ai,365
bishop,a3,True,early-post-ai,2789
bishop,e7,True,early-post-ai,2942
rook,g2,True,early-post-ai,1870
bishop,f8,True,early-post-ai,1236
pawn,e7,True,early-post-ai,1208
bishop,g5,False,early-post-ai,3794
rook,a1,False,early-post-ai,2593
bishop,b8,True,early-post-ai,576
queen,b8,False,early-post-ai,1509
bishop,c6,False,early-post-ai,5243
queen,b6,False,early-post-ai,8286
bishop,g6,True,early-post-ai,2208
rook,h6,False,early-post-ai,1469
knight,h2,False,early-post-ai,476
king,h2,True,early-post-ai,7750
knight,e6,False,early-post-ai,3605
king,f5,True,early-post-ai,2535
knight,h6,False,early-post-ai,3229
knight,e2,True,early-post-ai,10790
rook,b2,False,early-post-ai,4553
queen,c1,True,early-post-ai,2183
rook,g2,False,early-post-ai,2677
queen,h3,False,early-post-ai,2145
queen,d8,True,early-post-ai,3090
knight,f5,True,early-post-ai,5292
knight,g7,True,early-post-ai,839
king,f4,False,early-post-ai,2740
king,f3,False,early-post-ai,1534
bishop,g2,False,early-post-ai,2045
queen,c3,False,early-post-ai,3146
knight,f5,False,early-post-ai,5654
king,h4,True,early-post-ai,1986
king,h5,True,early-post-ai,1344
pawn,c8,True,early-post-ai,542
queen,e6,False,early-post-ai,4934
knight,d6,True,early-post-ai,5021
pawn,g3,False,early-post-ai,3141
pawn,h2,False,early-post-ai,979
rook,h1,True,early-post-ai,2735
rook,c2,False,early-post-ai,4486
rook,a2,False,early-post-ai,4192
pawn,h1,False,early-post-ai,522
king,g5,True,early-post-ai,2346
queen,h6,False,early-post-ai,1571
king,g4,True,early-post-ai,3671
knight,d1,False,early-post-ai,825
queen,f2,False,early-post-ai,2777
bishop,a8,True,early-post-ai,932
knight,d1,True,early-post-ai,1156
king,b3,True,early-post-ai,2503
rook,d2,False,early-post-ai,4398
bishop,h6,True,early-post-ai,4118
bishop,f2,False,early-post-ai,2002
rook,a5,True,early-post-ai,2121
rook,d6,False,early-post-ai,3403
queen,d8,False,early-post-ai,4142
queen,e1,False,early-post-ai,1721
queen,b8,True,early-post-ai,1144
bishop,c8,False,early-post-ai,2335
knight,c4,False,early-post-ai,5583
pawn,a5,True,early-post-ai,5668
king,e4,True,early-post-ai,4225
rook,f1,False,early-post-ai,2298
pawn,e2,False,early-post-ai,1006
pawn,e1,False,early-post-ai,421
queen,a2,False,early-post-ai,2154
rook,f6,False,early-post-ai,3524
bishop,a1,True,early-post-ai,465
pawn,f3,False,early-post-ai,3771
rook,a7,False,early-post-ai,2016
pawn,a6,True,early-post-ai,2631
knight,b8,False,early-post-ai,1194
pawn,b3,False,early-post-ai,3180
bishop,f7,False,early-post-ai,1453
bishop,e1,True,early-post-ai,1060
bishop,c7,False,early-post-ai,2063
queen,g7,False,early-post-ai,1713
bishop,f7,True,early-post-ai,2518
rook,f7,False,early-post-ai,4442
rook,b8,True,early-post-ai,2083
bishop,h1,False,early-post-ai,410
rook,g8,True,early-post-ai,1433
pawn,b8,True,early-post-ai,585
pawn,c2,False,early-post-ai,1187
rook,g6,True,early-post-ai,1855
pawn,f2,False,early-post-ai,1066
knight,h4,True,early-post-ai,3536
queen,b4,False,early-post-ai,3032
rook,c6,False,early-post-ai,2506
queen,a3,False,early-post-ai,1763
queen,f8,False,early-post-ai,1582
king,a6,False,early-post-ai,1174
rook,c4,True,early-post-ai,2194
rook,a5,False,early-post-ai,1821
queen,a1,False,early-post-ai,1679
queen,d6,True,early-post-ai,2971
king,h6,True,early-post-ai,895
king,h7,True,early-post-ai,545
rook,h5,True,early-post-ai,1911
rook,h8,True,early-post-ai,1829
bishop,h8,False,early-post-ai,434
bishop,c1,True,early-post-ai,2007
rook,h4,False,early-post-ai,1719
knight,f7,False,early-post-ai,1443
rook,c3,True,early-post-ai,2502
bishop,a2,False,early-post-ai,864
bishop,b3,False,early-post-ai,1343
knight,h7,True,early-post-ai,693
rook,d6,True,early-post-ai,3722
rook,h6,True,early-post-ai,1905
bishop,b1,False,early-post-ai,595
rook,h7,True,early-post-ai,2614
pawn,d2,False,early-post-ai,1128
bishop,e1,False,early-post-ai,700
king,d5,True,early-post-ai,2339
king,c6,True,early-post-ai,1411
queen,g6,False,early-post-ai,3519
queen,g2,False,early-post-ai,2531
queen,g1,True,early-post-ai,444
king,e5,True,early-post-ai,2437
king,f6,True,early-post-ai,1608
pawn,b2,False,early-post-ai,1341
king,g7,True,early-post-ai,885
pawn,b1,False,early-post-ai,580
king,g8,True,early-post-ai,426
king,h8,True,early-post-ai,314
queen,a7,False,early-post-ai,824
king,c4,True,early-post-ai,2931
king,c5,True,early-post-ai,2023
king,d6,True,early-post-ai,1413
king,d7,True,early-post-ai,740
king,d8,True,early-post-ai,267
king,c8,True,early-post-ai,323
bishop,a6,True,early-post-ai,1947
pawn,d7,True,early-post-ai,1331
pawn,d8,True,early-post-ai,480
rook,g7,False,early-post-ai,1893
rook,g6,False,early-post-ai,2144
bishop,b8,False,early-post-ai,600
knight,e2,False,early-post-ai,2100
knight,c1,False,early-post-ai,649
knight,f8,True,early-post-ai,841
knight,b5,False,early-post-ai,1431
bishop,e8,True,early-post-ai,720
bishop,a8,False,early-post-ai,632
rook,f6,True,early-post-ai,2615
rook,c1,False,early-post-ai,2976
pawn,c1,False,early-post-ai,520
king,h5,False,early-post-ai,1945
king,b5,True,early-post-ai,1635
king,a4,True,early-post-ai,982
queen,a6,False,early-post-ai,1343
knight,e1,False,early-post-ai,625
king,b4,True,early-post-ai,1887
king,a5,True,early-post-ai,823
rook,g3,True,early-post-ai,2494
pawn,g2,False,early-post-ai,1018
rook,c6,True,early-post-ai,3029
king,e3,False,early-post-ai,1635
knight,g1,True,early-post-ai,732
pawn,a8,True,early-post-ai,714
king,b6,True,early-post-ai,1173
rook,a6,False,early-post-ai,1811
king,b7,True,early-post-ai,798
king,b8,True,early-post-ai,342
queen,h1,True,early-post-ai,287
bishop,h8,True,early-post-ai,470
knight,a3,False,early-post-ai,606
rook,c8,True,early-post-ai,3029
king,g4,False,early-post-ai,2299
queen,b2,True,early-post-ai,1772
knight,b1,False,early-post-ai,254
rook,c3,False,early-post-ai,3246
rook,b6,False,early-post-ai,1933
knight,h1,False,early-post-ai,365
queen,e3,False,early-post-ai,3047
bishop,f8,False,early-post-ai,3304
rook,h4,True,early-post-ai,1652
queen,c8,False,early-post-ai,2606
queen,f2,True,early-post-ai,2943
bishop,a2,True,early-post-ai,997
rook,h8,False,early-post-ai,2745
knight,f1,False,early-post-ai,719
knight,d8,True,early-post-ai,786
bishop,e8,False,early-post-ai,1332
knight,g1,False,early-post-ai,186
knight,e8,True,early-post-ai,634
knight,b7,True,early-post-ai,1035
pawn,a7,True,early-post-ai,1336
bishop,b1,True,early-post-ai,1060
rook,b3,False,early-post-ai,2501
rook,g5,False,early-post-ai,1865
knight,c2,True,early-post-ai,1691
knight,f8,False,early-post-ai,1946
knight,g7,False,early-post-ai,799
pawn,f7,True,early-post-ai,1277
pawn,f8,True,early-post-ai,511
knight,b1,True,early-post-ai,913
knight,e8,False,early-post-ai,1904
knight,c7,False,early-post-ai,1859
knight,e1,True,early-post-ai,1511
knight,d8,False,early-post-ai,1056
king,h3,False,early-post-ai,812
king,g2,False,early-post-ai,707
king,h1,False,early-post-ai,270
king,h2,False,early-post-ai,503
rook,h5,False,early-post-ai,1568
king,e6,True,early-post-ai,1513
king,f7,True,early-post-ai,900
pawn,f1,False,early-post-ai,460
knight,g2,True,early-post-ai,612
king,g6,True,early-post-ai,1428
king,a7,True,early-post-ai,504
king,a8,True,early-post-ai,247
knight,h5,True,early-post-ai,1443
knight,f2,True,early-post-ai,1396
knight,h6,True,early-post-ai,918
bishop,g8,True,early-post-ai,530
king,a2,True,early-post-ai,1125
knight,a2,True,early-post-ai,496
bishop,f1,True,early-post-ai,2725
king,h4,False,early-post-ai,1309
queen,g2,True,early-post-ai,1592
rook,b7,False,early-post-ai,2086
queen,h2,True,early-post-ai,570
pawn,d1,False,early-post-ai,436
king,e7,True,early-post-ai,766
pawn,g1,False,early-post-ai,453
knight,b7,False,early-post-ai,606
knight,g8,True,early-post-ai,166
bishop,h2,True,early-post-ai,840
pawn,e8,True,early-post-ai,428
knight,a7,False,early-post-ai,465
king,f1,False,early-post-ai,313
king,a1,True,early-post-ai,1003
king,f8,True,early-post-ai,358
rook,b6,True,early-post-ai,2330
knight,a5,True,early-post-ai,1039
knight,h7,False,early-post-ai,1088
queen,a2,True,early-post-ai,652
king,f2,False,early-post-ai,907
king,c7,True,early-post-ai,781
bishop,h1,True,early-post-ai,319
king,e1,False,early-post-ai,347
king,a6,True,early-post-ai,628
king,e8,True,early-post-ai,307
bishop,g1,True,early-post-ai,321
knight,h8,False,early-post-ai,122
knight,a8,False,early-post-ai,147
bishop,h7,False,early-post-ai,667
bishop,g8,False,early-post-ai,264
queen,g8,False,early-post-ai,426
king,c1,False,early-post-ai,356
king,b1,False,early-post-ai,419
king,d1,False,early-post-ai,318
king,g1,False,early-post-ai,381
king,g3,False,early-post-ai,1468
knight,h1,True,early-post-ai,107
king,a1,False,early-post-ai,336
knight,a1,True,early-post-ai,92
pawn,e4,True,nnue-era,44532
pawn,e5,False,nnue-era,37176
pawn,d4,True,nnue-era,47553
pawn,d4,False,nnue-era,22635
queen,d4,True,nnue-era,7045
bishop,b4,False,nnue-era,10964
queen,b4,True,nnue-era,2362
knight,c6,False,nnue-era,38750
queen,d2,True,nnue-era,11084
pawn,d6,False,nnue-era,22401
pawn,c3,True,nnue-era,22771
knight,f6,False,nnue-era,50478
pawn,f3,True,nnue-era,15572
pawn,d5,False,nnue-era,43112
pawn,d5,True,nnue-era,25525
knight,d5,False,nnue-era,14384
bishop,c4,True,nnue-era,18350
bishop,e6,False,nnue-era,12855
knight,e2,True,nnue-era,10202
pawn,b5,False,nnue-era,19686
bishop,d5,True,nnue-era,6022
bishop,d5,False,nnue-era,5166
knight,f4,True,nnue-era,4808
bishop,c4,False,nnue-era,3152
pawn,b3,True,nnue-era,14466
queen,d2,False,nnue-era,2582
bishop,d2,True,nnue-era,9544
knight,e6,True,nnue-era,4560
pawn,e6,False,nnue-era,26957
king,g1,True,nnue-era,39029
king,c8,False,nnue-era,7210
pawn,c4,True,nnue-era,25376
pawn,c4,False,nnue-era,10788
knight,b4,False,nnue-era,6212
rook,e1,True,nnue-era,25914
pawn,a5,False,nnue-era,13712
rook,e6,True,nnue-era,3291
knight,c2,False,nnue-era,2664
rook,e7,True,nnue-era,4145
knight,a1,False,nnue-era,785
pawn,e5,True,nnue-era,23227
knight,e4,False,nnue-era,15624
knight,g5,False,nnue-era,2189
knight,c3,True,nnue-era,40485
queen,e2,True,nnue-era,12251
pawn,f4,True,nnue-era,19628
knight,e6,False,nnue-era,3345
knight,f3,True,nnue-era,51797
bishop,c5,False,nnue-era,12612
bishop,g5,True,nnue-era,16485
knight,g5,True,nnue-era,9357
queen,g5,False,nnue-era,5129
knight,e4,True,nnue-era,13986
queen,e5,False,nnue-era,5456
knight,c5,True,nnue-era,4540
queen,e2,False,nnue-era,2420
bishop,e2,True,nnue-era,13281
king,g8,False,nnue-era,38911
king,c1,True,nnue-era,8650
bishop,f5,False,nnue-era,11615
pawn,g4,True,nnue-era,16736
bishop,g6,False,nnue-era,3662
rook,f1,True,nnue-era,8110
rook,e8,False,nnue-era,22646
rook,b8,False,nnue-era,10845
knight,d7,True,nnue-era,2386
rook,d8,False,nnue-era,19750
bishop,f7,True,nnue-era,2574
bishop,f7,False,nnue-era,1300
pawn,h3,True,nnue-era,18247
bishop,a2,False,nnue-era,780
rook,d2,True,nnue-era,4852
bishop,b2,True,nnue-era,6465
pawn,f6,False,nnue-era,16242
knight,a5,False,nnue-era,3547
pawn,b4,False,nnue-era,8750
knight,h6,False,nnue-era,2745
bishop,b7,False,nnue-era,9610
pawn,c5,False,nnue-era,28395
rook,g1,True,nnue-era,5978
pawn,g5,False,nnue-era,15048
bishop,c1,True,nnue-era,1669
rook,g8,False,nnue-era,6260
knight,d2,True,nnue-era,15785
queen,f6,False,nnue-era,9030
knight,g3,True,nnue-era,4191
rook,c8,False,nnue-era,16236
knight,h5,True,nnue-era,1401
queen,f4,False,nnue-era,3458
queen,e4,False,nnue-era,4198
queen,g6,False,nnue-era,3368
bishop,d3,True,nnue-era,17525
rook,c7,False,nnue-era,3126
pawn,e4,False,nnue-era,14817
bishop,b1,True,nnue-era,921
bishop,e7,False,nnue-era,17382
rook,f8,False,nnue-era,8234
rook,f4,True,nnue-era,2633
bishop,g5,False,nnue-era,3385
bishop,e4,True,nnue-era,5983
queen,e6,False,nnue-era,4496
rook,f8,True,nnue-era,2359
king,f8,False,nnue-era,9401
queen,h1,False,nnue-era,1476
queen,f1,True,nnue-era,1263
queen,f1,False,nnue-era,1183
king,f1,True,nnue-era,8494
rook,f7,False,nnue-era,4146
king,g2,True,nnue-era,11081
rook,g7,False,nnue-era,1764
bishop,h6,True,nnue-era,4161
king,f7,False,nnue-era,11259
bishop,g7,True,nnue-era,2577
knight,c4,False,nnue-era,5285
king,g6,False,nnue-era,5984
rook,f6,True,nnue-era,2589
king,g5,False,nnue-era,3272
king,h4,False,nnue-era,1253
queen,d1,True,nnue-era,3112
pawn,h6,False,nnue-era,17763
bishop,f6,True,nnue-era,7098
pawn,a3,True,nnue-era,13925
bishop,c3,False,nnue-era,6200
queen,c3,False,nnue-era,3180
king,e2,True,nnue-era,9396
queen,d3,True,nnue-era,8615
queen,a1,False,nnue-era,1737
knight,b8,False,nnue-era,1089
queen,a3,False,nnue-era,1766
queen,a2,False,nnue-era,2304
pawn,b6,False,nnue-era,13972
pawn,d6,True,nnue-era,4840
bishop,a6,False,nnue-era,3799
pawn,c7,True,nnue-era,1161
bishop,d3,False,nnue-era,3417
king,d3,True,nnue-era,5317
king,e4,True,nnue-era,3761
king,f3,True,nnue-era,7108
queen,d5,False,nnue-era,7200
king,f2,True,nnue-era,10437
queen,d6,False,nnue-era,7251
bishop,b5,True,nnue-era,12310
queen,c7,False,nnue-era,9574
pawn,g3,True,nnue-era,18162
rook,d2,False,nnue-era,4239
king,e1,True,nnue-era,3766
knight,e5,True,nnue-era,17471
knight,e5,False,nnue-era,14982
queen,h5,True,nnue-era,5971
queen,f2,False,nnue-era,2849
king,d1,True,nnue-era,4450
queen,g2,False,nnue-era,2426
queen,f3,True,nnue-era,10994
pawn,h4,True,nnue-era,14495
queen,e7,False,nnue-era,11135
queen,h4,False,nnue-era,4510
knight,f7,True,nnue-era,3202
knight,f7,False,nnue-era,1227
queen,f7,True,nnue-era,3378
king,h8,False,nnue-era,7670
queen,f8,True,nnue-era,1398
bishop,f8,False,nnue-era,2914
pawn,g6,False,nnue-era,23670
bishop,g7,False,nnue-era,13573
bishop,f4,True,nnue-era,14706
knight,e7,False,nnue-era,10797
pawn,a6,False,nnue-era,17190
bishop,b3,True,nnue-era,5725
knight,d5,True,nnue-era,12934
bishop,d8,True,nnue-era,1007
king,d8,False,nnue-era,5071
pawn,e6,True,nnue-era,4560
queen,g6,True,nnue-era,2623
queen,g5,True,nnue-era,3540
king,e8,False,nnue-era,4541
knight,d6,True,nnue-era,4801
king,d7,False,nnue-era,7790
king,e7,False,nnue-era,10494
bishop,e3,True,nnue-era,16508
knight,g4,True,nnue-era,2389
bishop,g4,False,nnue-era,13711
pawn,c6,True,nnue-era,4102
pawn,c6,False,nnue-era,23134
bishop,c6,True,nnue-era,6154
queen,d5,True,nnue-era,5135
bishop,c2,False,nnue-era,1479
bishop,b7,True,nnue-era,1788
rook,c1,True,nnue-era,14749
bishop,f2,True,nnue-era,1703
queen,a4,False,nnue-era,1740
rook,d1,True,nnue-era,21659
queen,d6,True,nnue-era,2977
rook,b7,False,nnue-era,1883
bishop,c5,True,nnue-era,3456
pawn,f3,False,nnue-era,3451
rook,f3,True,nnue-era,3670
rook,b5,False,nnue-era,1697
rook,d4,True,nnue-era,3354
bishop,d4,False,nnue-era,5753
bishop,d4,True,nnue-era,5233
rook,b2,False,nnue-era,4250
queen,f6,True,nnue-era,3189
queen,d1,False,nnue-era,2972
queen,g4,False,nnue-era,3031
queen,g7,True,nnue-era,2831
knight,h3,True,nnue-era,2236
knight,a3,True,nnue-era,2668
knight,b5,True,nnue-era,6923
knight,a4,True,nnue-era,3191
pawn,d3,True,nnue-era,13422
queen,e5,True,nnue-era,4457
bishop,f6,False,nnue-era,7594
queen,h6,True,nnue-era,2939
knight,d6,False,nnue-era,2792
rook,f6,False,nnue-era,3149
rook,e6,False,nnue-era,3266
queen,h7,True,nnue-era,2422
queen,g8,True,nnue-era,1061
queen,c8,True,nnue-era,1501
queen,e1,False,nnue-era,1767
bishop,h3,False,nnue-era,2784
queen,d7,False,nnue-era,9104
pawn,a4,True,nnue-era,13434
pawn,h5,False,nnue-era,13039
knight,e8,False,nnue-era,1797
knight,b4,True,nnue-era,1297
pawn,b4,True,nnue-era,16438
bishop,a2,True,nnue-era,981
rook,e4,True,nnue-era,3566
rook,h8,False,nnue-era,2694
rook,h7,False,nnue-era,1093
queen,b3,True,nnue-era,6133
rook,d5,True,nnue-era,3389
rook,d6,True,nnue-era,3548
rook,d7,True,nnue-era,4677
queen,b3,False,nnue-era,1522
rook,b7,True,nnue-era,4157
pawn,f5,False,nnue-era,17827
rook,a7,True,nnue-era,3834
pawn,h4,False,nnue-era,5244
pawn,f4,False,nnue-era,7925
pawn,a5,True,nnue-era,5455
rook,g1,False,nnue-era,1388
queen,a5,False,nnue-era,6243
pawn,e3,True,nnue-era,15111
queen,b2,False,nnue-era,3911
rook,b1,True,nnue-era,9712
bishop,b4,True,nnue-era,2148
rook,a1,True,nnue-era,3694
knight,h8,True,nnue-era,587
knight,g4,False,nnue-era,7609
king,h1,True,nnue-era,7643
rook,a6,True,nnue-era,2545
queen,b4,False,nnue-era,3147
rook,c6,True,nnue-era,2935
rook,f1,False,nnue-era,2269
king,e6,False,nnue-era,6472
knight,e3,False,nnue-era,3933
queen,d4,False,nnue-era,5189
knight,f1,True,nnue-era,1688
bishop,f3,False,nnue-era,6808
bishop,h6,False,nnue-era,2626
queen,b5,True,nnue-era,2961
queen,a4,True,nnue-era,4187
queen,c2,True,nnue-era,7862
knight,d4,False,nnue-era,12335
knight,f3,False,nnue-era,4075
knight,e1,False,nnue-era,609
queen,e1,True,nnue-era,2711
pawn,b5,True,nnue-era,7977
queen,h3,False,nnue-era,2208
knight,h2,True,nnue-era,1171
queen,d3,False,nnue-era,2486
bishop,d6,False,nnue-era,12913
pawn,f5,True,nnue-era,9170
pawn,g6,True,nnue-era,3837
bishop,g2,True,nnue-era,8657
knight,g1,True,nnue-era,646
pawn,g5,True,nnue-era,8112
knight,f6,True,nnue-era,4749
king,g7,False,nnue-era,12311
queen,c6,False,nnue-era,4016
queen,e8,True,nnue-era,1894
bishop,f4,False,nnue-era,2998
knight,c6,True,nnue-era,5686
queen,f4,True,nnue-era,4161
bishop,h1,False,nnue-era,383
queen,e4,True,nnue-era,5392
queen,h1,True,nnue-era,313
bishop,a4,True,nnue-era,2768
bishop,c2,True,nnue-era,3088
pawn,f6,True,nnue-era,5076
pawn,e3,False,nnue-era,3005
queen,e3,True,nnue-era,5909
rook,d7,False,nnue-era,4254
bishop,d1,True,nnue-era,1186
rook,d1,False,nnue-era,4176
bishop,a3,True,nnue-era,2464
knight,a6,False,nnue-era,3152
knight,c5,False,nnue-era,6532
pawn,c5,True,nnue-era,10296
bishop,e5,False,nnue-era,6071
knight,c4,True,nnue-era,5703
bishop,c7,False,nnue-era,1767
bishop,b8,False,nnue-era,560
pawn,g4,False,nnue-era,6850
pawn,b6,True,nnue-era,2802
queen,b6,False,nnue-era,8151
queen,a8,True,nnue-era,1722
knight,h5,False,nnue-era,4382
knight,f4,False,nnue-era,5303
knight,h3,False,nnue-era,800
knight,f2,False,nnue-era,2368
rook,f2,True,nnue-era,3917
bishop,f2,False,nnue-era,1978
queen,f2,True,nnue-era,2677
knight,f5,True,nnue-era,5086
queen,g3,True,nnue-era,4234
knight,e2,False,nnue-era,2099
bishop,d7,False,nnue-era,12001
bishop,c6,False,nnue-era,4828
rook,a5,False,nnue-era,1831
knight,b3,True,nnue-era,3479
knight,a5,True,nnue-era,1010
queen,a5,True,nnue-era,1554
queen,c7,True,nnue-era,2536
knight,h2,False,nnue-era,503
queen,d8,True,nnue-era,3193
bishop,e8,False,nnue-era,1183
bishop,h5,False,nnue-era,2912
knight,a7,False,nnue-era,416
queen,b8,False,nnue-era,1416
queen,c4,True,nnue-era,3987
bishop,c7,True,nnue-era,1515
queen,b7,False,nnue-era,2040
king,d2,True,nnue-era,7095
bishop,h4,True,nnue-era,3422
queen,e8,False,nnue-era,2740
bishop,f5,True,nnue-era,3116
queen,h5,False,nnue-era,2371
queen,f5,False,nnue-era,3748
knight,e7,True,nnue-era,2498
king,f5,False,nnue-era,3983
king,g4,False,nnue-era,2086
king,h3,False,nnue-era,734
rook,g4,True,nnue-era,1741
bishop,e3,False,nnue-era,2912
rook,e8,True,nnue-era,3958
knight,d3,False,nnue-era,4497
rook,e1,False,nnue-era,3647
knight,d8,True,nnue-era,845
rook,f2,False,nnue-era,3290
queen,g4,True,nnue-era,5611
rook,g2,False,nnue-era,2546
knight,g3,False,nnue-era,2078
rook,h2,False,nnue-era,2207
rook,e3,False,nnue-era,2559
knight,h1,False,nnue-era,391
bishop,a1,False,nnue-era,953
knight,b7,False,nnue-era,550
knight,b5,False,nnue-era,1308
queen,c3,True,nnue-era,3916
bishop,f3,True,nnue-era,5642
bishop,c3,True,nnue-era,3819
bishop,a8,True,nnue-era,874
queen,a8,False,nnue-era,949
bishop,b1,False,nnue-era,513
bishop,f8,True,nnue-era,1180
queen,f3,False,nnue-era,2897
king,c3,True,nnue-era,3423
queen,c5,False,nnue-era,4224
queen,c4,False,nnue-era,2657
king,b2,True,nnue-era,2459
rook,c2,True,nnue-era,2895
knight,b3,False,nnue-era,1884
king,b1,True,nnue-era,3939
pawn,a4,False,nnue-era,6027
queen,c8,False,nnue-era,2451
rook,e3,True,nnue-era,4072
pawn,d3,False,nnue-era,3388
queen,d8,False,nnue-era,4014
knight,d4,True,nnue-era,15614
knight,e3,True,nnue-era,3477
king,g3,True,nnue-era,6116
knight,g2,False,nnue-era,665
knight,f2,True,nnue-era,1143
knight,d1,True,nnue-era,1119
knight,f5,False,nnue-era,5266
knight,d1,False,nnue-era,739
knight,b2,False,nnue-era,1053
rook,e5,False,nnue-era,3273
rook,f5,False,nnue-era,2564
rook,g5,False,nnue-era,1718
knight,c7,True,nnue-era,2867
knight,a8,True,nnue-era,867
knight,h7,True,nnue-era,626
rook,a6,False,nnue-era,1750
bishop,a6,True,nnue-era,1745
knight,a2,False,nnue-era,698
rook,c5,True,nnue-era,2597
rook,c8,True,nnue-era,2825
pawn,g2,False,nnue-era,952
pawn,h1,False,nnue-era,530
queen,f5,True,nnue-era,3207
king,b8,False,nnue-era,2922
rook,b4,True,nnue-era,1640
king,a7,False,nnue-era,1020
rook,b5,True,nnue-era,1971
king,a6,False,nnue-era,926
rook,g7,True,nnue-era,2783
bishop,h4,False,nnue-era,1648
rook,f7,True,nnue-era,3516
rook,d5,False,nnue-era,3151
king,c2,True,nnue-era,4238
rook,c6,False,nnue-era,2346
rook,f3,False,nnue-era,2304
king,b4,True,nnue-era,1636
king,a3,True,nnue-era,918
rook,d3,False,nnue-era,2921
rook,b6,False,nnue-era,1809
rook,b3,False,nnue-era,2322
king,a2,True,nnue-era,1059
king,a5,False,nnue-era,926
rook,e2,True,nnue-era,4276
king,a4,False,nnue-era,775
rook,b2,True,nnue-era,1604
king,b4,False,nnue-era,1457
king,c4,False,nnue-era,1834
rook,h3,False,nnue-era,1622
king,d3,False,nnue-era,1266
king,e3,False,nnue-era,1259
rook,h1,False,nnue-era,1613
queen,h3,True,nnue-era,1873
bishop,d7,True,nnue-era,2518
king,h7,False,nnue-era,7059
knight,d7,False,nnue-era,19805
bishop,a3,False,nnue-era,1535
rook,a3,True,nnue-era,1648
pawn,h5,True,nnue-era,6848
rook,a7,False,nnue-era,1937
rook,g5,True,nnue-era,1721
pawn,h6,True,nnue-era,2736
rook,f4,False,nnue-era,2393
knight,e8,True,nnue-era,654
bishop,b5,False,nnue-era,2847
knight,g6,True,nnue-era,2175
knight,d3,True,nnue-era,2833
knight,c3,False,nnue-era,4679
rook,c2,False,nnue-era,4363
queen,e3,False,nnue-era,2963
rook,e5,True,nnue-era,3579
knight,b7,True,nnue-era,992
knight,a6,True,nnue-era,498
rook,c5,False,nnue-era,2287
rook,c4,False,nnue-era,2982
queen,b8,True,nnue-era,1123
rook,d3,True,nnue-era,3639
king,f6,False,nnue-era,7373
queen,a6,False,nnue-era,1351
queen,a6,True,nnue-era,1753
bishop,a5,False,nnue-era,1820
bishop,b6,False,nnue-era,3312
bishop,e4,False,nnue-era,4986
pawn,c3,False,nnue-era,4142
bishop,g3,False,nnue-era,1737
king,e5,False,nnue-era,3874
king,d5,False,nnue-era,3124
king,c5,False,nnue-era,2579
king,d6,False,nnue-era,5248
rook,a2,True,nnue-era,1604
rook,h4,True,nnue-era,1619
rook,h7,True,nnue-era,2596
king,h6,False,nnue-era,3249
rook,g2,True,nnue-era,1515
rook,g8,True,nnue-era,1510
king,h5,False,nnue-era,1835
rook,g3,True,nnue-era,2335
bishop,g6,True,nnue-era,1971
rook,f5,True,nnue-era,2337
king,b6,False,nnue-era,2336
king,c4,True,nnue-era,2560
rook,a5,True,nnue-era,2124
king,c5,True,nnue-era,1812
queen,h4,True,nnue-era,2759
rook,a8,False,nnue-era,4002
rook,h1,True,nnue-era,2633
rook,c7,True,nnue-era,4216
knight,d2,False,nnue-era,2108
bishop,e6,True,nnue-era,3501
king,b7,False,nnue-era,2241
bishop,e1,False,nnue-era,621
rook,g6,True,nnue-era,1773
king,f5,True,nnue-era,2124
pawn,a3,False,nnue-era,2774
pawn,a2,False,nnue-era,1375
king,c7,False,nnue-era,4334
king,f6,True,nnue-era,1275
king,e6,True,nnue-era,1181
king,d6,True,nnue-era,1208
rook,a4,True,nnue-era,1749
rook,b6,True,nnue-era,2205
king,d5,True,nnue-era,1957
king,f4,False,nnue-era,2367
king,d4,True,nnue-era,3016
rook,h6,True,nnue-era,1845
rook,h5,True,nnue-era,1735
king,b5,True,nnue-era,1430
king,b6,True,nnue-era,969
king,c6,True,nnue-era,1240
rook,h8,True,nnue-era,1776
king,e5,True,nnue-era,2020
king,g6,True,nnue-era,1275
bishop,e2,False,nnue-era,2313
bishop,d2,False,nnue-era,2164
bishop,e5,True,nnue-era,5508
queen,c1,False,nnue-era,1515
queen,b5,False,nnue-era,2374
bishop,a8,False,nnue-era,542
queen,g3,False,nnue-era,2168
queen,c5,True,nnue-era,2621
king,h2,True,nnue-era,7359
queen,c6,True,nnue-era,3027
knight,g7,False,nnue-era,778
rook,d8,True,nnue-era,4467
rook,c4,True,nnue-era,2159
rook,e7,False,nnue-era,4021
bishop,e7,True,nnue-era,2839
rook,e2,False,nnue-era,3701
pawn,h3,False,nnue-era,2215
pawn,b7,True,nnue-era,1186
pawn,g3,False,nnue-era,2693
pawn,h2,False,nnue-era,999
pawn,b8,True,nnue-era,553
queen,h8,True,nnue-era,1788
queen,h2,True,nnue-era,565
bishop,h5,True,nnue-era,1433
knight,f1,False,nnue-era,674
rook,d4,False,nnue-era,3267
queen,a2,True,nnue-era,640
queen,e6,True,nnue-era,3295
rook,h3,True,nnue-era,1730
rook,a4,False,nnue-era,2231
rook,b4,False,nnue-era,2192
bishop,g3,True,nnue-era,4645
queen,h6,False,nnue-era,1460
queen,c2,False,nnue-era,2686
king,c6,False,nnue-era,3642
bishop,h2,False,nnue-era,851
queen,g1,False,nnue-era,907
knight,e1,True,nnue-era,1265
bishop,f1,False,nnue-era,1129
bishop,f1,True,nnue-era,2446
pawn,f2,False,nnue-era,955
bishop,h3,True,nnue-era,1947
knight,b1,True,nnue-era,795
bishop,g1,True,nnue-era,272
king,g4,True,nnue-era,3271
queen,h2,False,nnue-era,1737
queen,g2,True,nnue-era,1419
bishop,g2,False,nnue-era,1780
king,a8,False,nnue-era,810
rook,b1,False,nnue-era,2017
rook,c1,False,nnue-era,2912
rook,c3,False,nnue-era,3139
bishop,b2,False,nnue-era,1972
pawn,h7,True,nnue-era,1096
pawn,h8,True,nnue-era,564
queen,h8,False,nnue-era,272
king,b3,True,nnue-era,2336
bishop,e8,True,nnue-era,627
knight,c7,False,nnue-era,1626
pawn,b3,False,nnue-era,3149
bishop,c8,True,nnue-era,662
pawn,c2,False,nnue-era,1101
rook,h4,False,nnue-era,1550
rook,c3,True,nnue-era,2379
king,e3,True,nnue-era,6691
bishop,g4,True,nnue-era,2468
king,g3,False,nnue-era,1298
rook,b3,True,nnue-era,1798
king,f2,False,nnue-era,695
king,h3,True,nnue-era,3172
king,h4,True,nnue-era,1773
rook,a8,True,nnue-era,2310
bishop,b3,False,nnue-era,1303
pawn,a1,False,nnue-era,754
pawn,e7,True,nnue-era,1172
pawn,d8,True,nnue-era,461
bishop,h8,True,nnue-era,427
queen,d7,True,nnue-era,2534
knight,g7,True,nnue-era,813
knight,h6,True,nnue-era,904
queen,g7,False,nnue-era,1523
rook,h6,False,nnue-era,1313
rook,g6,False,nnue-era,1836
rook,a2,False,nnue-era,4030
knight,b6,False,nnue-era,4507
knight,h4,True,nnue-era,3439
bishop,d8,False,nnue-era,1351
queen,b7,True,nnue-era,3424
knight,a2,True,nnue-era,411
rook,h5,False,nnue-era,1455
king,f4,True,nnue-era,3990
rook,g4,False,nnue-era,1798
king,b5,False,nnue-era,1702
king,a1,True,nnue-era,886
king,b3,False,nnue-era,1070
knight,g8,False,nnue-era,881
king,e4,False,nnue-era,2252
queen,e7,True,nnue-era,2589
rook,e4,False,nnue-era,3235
knight,f8,False,nnue-era,1660
knight,g6,False,nnue-era,4107
knight,a4,False,nnue-era,1108
king,d4,False,nnue-era,1985
king,c3,False,nnue-era,1200
knight,f8,True,nnue-era,803
queen,f8,False,nnue-era,1500
pawn,d7,True,nnue-era,1267
queen,h7,False,nnue-era,490
queen,g8,False,nnue-era,433
queen,a7,True,nnue-era,2047
bishop,d1,False,nnue-era,888
pawn,g1,False,nnue-era,409
knight,b2,True,nnue-era,443
rook,d6,False,nnue-era,2995
pawn,c8,True,nnue-era,522
pawn,a6,True,nnue-era,2560
pawn,a7,True,nnue-era,1356
pawn,a8,True,nnue-era,736
bishop,a4,False,nnue-era,1094
bishop,g1,False,nnue-era,361
rook,b8,True,nnue-era,1993
knight,c1,False,nnue-era,627
bishop,a7,False,nnue-era,736
king,a5,True,nnue-era,681
king,a6,True,nnue-era,550
king,b7,True,nnue-era,650
king,c8,True,nnue-era,227
king,d7,True,nnue-era,528
king,f7,True,nnue-era,666
king,g7,True,nnue-era,656
king,g8,True,nnue-era,291
king,h8,True,nnue-era,210
bishop,h7,True,nnue-era,1177
rook,a3,False,nnue-era,2621
rook,a1,False,nnue-era,2495
queen,a7,False,nnue-era,804
pawn,d2,False,nnue-era,1095
queen,b2,True,nnue-era,1601
queen,f7,False,nnue-era,2367
knight,b6,True,nnue-era,1766
bishop,d6,True,nnue-era,3519
queen,b1,False,nnue-era,1152
bishop,a7,True,nnue-era,877
pawn,c1,False,nnue-era,479
king,d2,False,nnue-era,581
pawn,e2,False,nnue-era,923
pawn,e1,False,nnue-era,405
king,e2,False,nnue-era,628
queen,b1,True,nnue-era,1121
king,a3,False,nnue-era,597
king,a2,False,nnue-era,458
queen,a1,True,nnue-era,870
knight,g8,True,nnue-era,180
queen,a3,True,nnue-era,1216
knight,a7,True,nnue-era,714
pawn,f7,True,nnue-era,1264
rook,h2,True,nnue-era,1077
bishop,b8,True,nnue-era,518
bishop,e1,True,nnue-era,953
king,f3,False,nnue-era,1393
knight,g2,True,nnue-era,543
king,g2,False,nnue-era,617
king,h2,False,nnue-era,424
king,h1,False,nnue-era,201
king,c7,True,nnue-era,671
queen,c1,True,nnue-era,2074
king,g5,True,nnue-era,2132
pawn,b2,False,nnue-era,1252
knight,c2,True,nnue-era,1355
bishop,c8,False,nnue-era,2099
knight,g1,False,nnue-era,144
queen,g1,True,nnue-era,423
rook,g3,False,nnue-era,1639
king,h5,True,nnue-era,1288
king,e8,True,nnue-era,203
king,a7,True,nnue-era,379
bishop,b6,True,nnue-era,1461
pawn,b1,False,nnue-era,545
bishop,h2,True,nnue-era,760
knight,h4,False,nnue-era,1248
knight,c8,True,nnue-era,763
bishop,h8,False,nnue-era,448
king,c1,False,nnue-era,301
king,b1,False,nnue-era,340
pawn,g7,True,nnue-era,1217
pawn,g8,True,nnue-era,452
king,c2,False,nnue-era,695
king,d1,False,nnue-era,233
king,e1,False,nnue-era,237
knight,a3,False,nnue-era,554
pawn,e8,True,nnue-era,423
king,b2,False,nnue-era,698
knight,c8,False,nnue-era,709
bishop,a5,True,nnue-era,1050
bishop,h7,False,nnue-era,680
pawn,f1,False,nnue-era,424
king,h6,True,nnue-era,778
knight,h7,False,nnue-era,1055
bishop,g8,True,nnue-era,482
knight,h8,False,nnue-era,100
queen,b6,True,nnue-era,1613
knight,d8,False,nnue-era,1060
king,g1,False,nnue-era,263
king,f1,False,nnue-era,249
knight,c1,True,nnue-era,657
king,b8,True,nnue-era,244
king,e7,True,nnue-era,630
king,d8,True,nnue-era,186
king,f8,True,nnue-era,254
pawn,f8,True,nnue-era,473
king,a4,True,nnue-era,804
pawn,d1,False,nnue-era,424
bishop,h1,True,nnue-era,258
bishop,c1,False,nnue-era,640
bishop,a1,True,nnue-era,421
king,h7,True,nnue-era,452
knight,b1,False,nnue-era,235
knight,b8,True,nnue-era,229
knight,a1,True,nnue-era,84
king,a8,True,nnue-era,176
knight,h1,True,nnue-era,119
bishop,g8,False,nnue-era,235
king,a1,False,nnue-era,245
knight,a8,False,nnue-era,121
knight,c3,True,modern,39602
pawn,e5,False,modern,36841
knight,f3,True,modern,52741
knight,c6,False,modern,38684
pawn,h3,True,modern,19203
bishop,b4,False,modern,10545
rook,h2,True,modern,1112
bishop,d6,False,modern,13276
pawn,h4,True,modern,14972
pawn,e4,False,modern,15205
knight,e4,True,modern,14280
bishop,h2,False,modern,872
knight,h2,True,modern,1405
knight,f6,False,modern,49994
knight,f6,True,modern,4746
queen,f6,False,modern,9534
pawn,e4,True,modern,44840
king,g8,False,modern,39500
pawn,d3,True,modern,13626
queen,h4,False,modern,4514
queen,h1,False,modern,1362
pawn,d4,True,modern,48134
pawn,d6,False,modern,21729
queen,d3,True,modern,8969
pawn,b6,False,modern,13952
bishop,f4,True,modern,14846
knight,b4,False,modern,5942
pawn,c3,True,modern,23892
knight,d3,False,modern,4528
king,d1,True,modern,3986
queen,f1,False,modern,1205
king,d2,True,modern,6890
queen,a1,False,modern,1618
king,d3,True,modern,5413
bishop,a6,False,modern,3661
pawn,d5,False,modern,44143
pawn,e5,True,modern,23703
pawn,f6,False,modern,16233
pawn,f6,True,modern,5094
queen,e7,False,modern,11513
bishop,e3,True,modern,17085
pawn,f5,False,modern,17800
bishop,e2,True,modern,13681
knight,e4,False,modern,15727
knight,d2,True,modern,17083
knight,d2,False,modern,2239
queen,d2,True,modern,11003
pawn,f4,False,modern,8125
queen,d7,False,modern,9273
bishop,d6,True,modern,3715
king,g1,True,modern,40002
bishop,d3,True,modern,18097
knight,a5,False,modern,3763
rook,e1,True,modern,26275
knight,c4,False,modern,5371
rook,e7,True,modern,4215
king,e7,False,modern,9839
queen,e1,True,modern,2776
king,d7,False,modern,7648
bishop,c4,True,modern,18194
pawn,c4,False,modern,10784
queen,e2,True,modern,12666
king,d8,False,modern,4845
queen,c4,True,modern,4024
bishop,d7,False,modern,12251
rook,c8,False,modern,16538
rook,f8,False,modern,8448
queen,h7,True,modern,2463
rook,f7,False,modern,4196
queen,g8,True,modern,973
king,c7,False,modern,4531
queen,f7,True,modern,3297
rook,e8,False,modern,22789
rook,e8,True,modern,3906
king,c6,False,modern,3940
king,b6,False,modern,2536
rook,d7,True,modern,4663
king,b5,False,modern,1861
queen,g7,True,modern,2735
king,c4,False,modern,1873
rook,d6,True,modern,3445
king,d3,False,modern,1256
queen,e5,True,modern,4448
king,c2,False,modern,708
pawn,c6,False,modern,24179
pawn,e6,False,modern,27899
queen,f3,True,modern,11537
knight,e7,False,modern,11548
bishop,e6,True,modern,3484
king,f7,False,modern,11032
knight,g6,False,modern,4489
bishop,e7,False,modern,18386
knight,g5,True,modern,9167
pawn,h6,False,modern,18771
knight,e6,True,modern,4321
bishop,e6,False,modern,12857
bishop,f7,False,modern,1405
knight,d7,False,modern,20505
pawn,e6,True,modern,4545
knight,e5,False,modern,15154
rook,e5,True,modern,3655
pawn,f7,True,modern,1267
bishop,f6,False,modern,7678
bishop,d2,True,modern,9682
queen,d6,False,modern,7397
queen,d5,False,modern,7056
queen,c5,False,modern,4178
knight,d5,True,modern,12291
knight,f4,True,modern,4626
bishop,f5,False,modern,12035
pawn,e3,True,modern,15354
pawn,d5,True,modern,25563
king,c8,False,modern,7542
pawn,c6,True,modern,4052
knight,h6,False,modern,2730
knight,h3,True,modern,1970
bishop,h5,True,modern,1460
knight,g4,False,modern,7405
bishop,g4,True,modern,2483
bishop,g4,False,modern,13860
queen,g4,True,modern,5623
king,b8,False,modern,3179
rook,h8,False,modern,2843
queen,e7,True,modern,2606
rook,g8,False,modern,6361
queen,e4,True,modern,5409
queen,e6,True,modern,3410
rook,d8,False,modern,19959
pawn,d4,False,modern,22849
knight,g6,True,modern,2299
rook,h7,False,modern,1233
rook,d7,False,modern,4356
queen,d7,True,modern,2580
rook,d1,True,modern,21509
king,a8,False,modern,886
pawn,d3,False,modern,3343
rook,c1,True,modern,14922
pawn,c5,False,modern,28185
knight,e8,True,modern,621
king,b7,False,modern,2554
rook,d3,True,modern,3606
rook,d4,True,modern,3239
king,c5,False,modern,2709
rook,c7,True,modern,4311
king,a4,False,modern,729
rook,c4,True,modern,2085
rook,a7,True,modern,3986
pawn,f4,True,modern,19494
pawn,f5,True,modern,9128
pawn,h5,False,modern,13280
pawn,h4,False,modern,5388
pawn,h3,False,modern,2201
pawn,f8,True,modern,470
queen,f2,True,modern,2751
king,e4,False,modern,2175
knight,d5,False,modern,14240
bishop,c5,False,modern,12900
bishop,c5,True,modern,3419
knight,e5,True,modern,17754
knight,f4,False,modern,5278
queen,d8,True,modern,3065
knight,f7,True,modern,3043
king,e8,False,modern,4316
knight,h8,True,modern,569
knight,g2,False,modern,639
king,f1,True,modern,8221
pawn,f3,True,modern,15291
bishop,h3,False,modern,2757
king,f2,True,modern,10144
king,f6,False,modern,7455
rook,e2,True,modern,4387
pawn,b5,False,modern,19778
bishop,b5,True,modern,12239
rook,e4,True,modern,3462
bishop,d5,True,modern,6086
rook,d5,False,modern,3063
knight,c4,True,modern,5735
knight,c6,True,modern,5631
rook,d6,False,modern,3001
knight,a7,True,modern,695
knight,b5,True,modern,6680
king,f5,False,modern,3878
rook,e3,True,modern,4192
knight,d6,True,modern,4728
king,g6,False,modern,5965
rook,g4,True,modern,1701
king,h5,False,modern,1770
king,h6,False,modern,3177
pawn,g5,False,modern,15124
rook,c5,True,modern,2648
rook,e6,True,modern,3237
pawn,c4,True,modern,24822
pawn,c5,True,modern,10334
queen,d1,False,modern,2891
knight,d1,True,modern,1098
pawn,b7,True,modern,1193
bishop,b7,False,modern,9892
knight,e3,True,modern,3682
pawn,b3,True,modern,14411
bishop,b2,True,modern,6527
knight,c2,True,modern,1518
pawn,g3,True,modern,17984
knight,f3,False,modern,3965
king,e2,True,modern,9026
rook,d2,False,modern,4363
knight,d4,False,modern,12077
knight,e2,True,modern,10153
knight,e2,False,modern,2052
bishop,g5,True,modern,16227
bishop,c3,False,modern,6198
queen,a3,False,modern,1703
bishop,b5,False,modern,2856
rook,d2,True,modern,4840
bishop,f1,False,modern,1120
queen,c1,False,modern,1447
rook,g2,False,modern,2682
king,e1,True,modern,3516
queen,c3,False,modern,3076
rook,h2,False,modern,2279
queen,c2,False,modern,2609
rook,f1,True,modern,8351
queen,g2,False,modern,2526
pawn,a3,True,modern,14045
pawn,b4,True,modern,16689
bishop,b6,False,modern,3541
knight,c3,False,modern,4554
knight,d4,True,modern,15548
king,e3,True,modern,6854
rook,g1,True,modern,6225
queen,h3,False,modern,2215
queen,f3,False,modern,2830
king,f3,True,modern,7248
bishop,h6,True,modern,4098
bishop,d4,False,modern,5631
rook,g7,True,modern,2923
king,f8,False,modern,9127
bishop,e5,False,modern,6287
bishop,h7,True,modern,1252
bishop,c6,False,modern,4990
bishop,g7,False,modern,13061
pawn,a4,True,modern,13986
bishop,a4,False,modern,1141
bishop,h3,True,modern,1770
pawn,a5,True,modern,5725
pawn,a6,False,modern,17915
bishop,e3,False,modern,2940
queen,b6,False,modern,8606
queen,e3,False,modern,2878
queen,e2,False,modern,2486
king,c1,True,modern,8565
bishop,d7,True,modern,2356
knight,e7,True,modern,2385
king,h8,False,modern,7759
pawn,a5,False,modern,13931
pawn,a4,False,modern,6095
rook,b7,True,modern,4321
pawn,a3,False,modern,2691
rook,b8,False,modern,10940
rook,b8,True,modern,2095
pawn,g6,False,modern,23201
king,g7,False,modern,12476
rook,f7,True,modern,3593
knight,g4,True,modern,2575
king,g5,False,modern,3117
queen,c6,False,modern,4072
queen,f5,False,modern,3733
queen,g4,False,modern,3073
bishop,e7,True,modern,2982
pawn,d6,True,modern,4891
pawn,e7,True,modern,1131
bishop,d3,False,modern,3592
queen,e3,True,modern,5763
bishop,e2,False,modern,2290
knight,c5,True,modern,4738
knight,d3,True,modern,2937
knight,b4,True,modern,1352
knight,f5,False,modern,5647
queen,e8,False,modern,2878
bishop,f6,True,modern,7165
pawn,b4,False,modern,8964
rook,b4,False,modern,2285
queen,b5,False,modern,2295
pawn,g4,True,modern,16880
rook,b2,False,modern,4478
knight,e3,False,modern,3907
queen,b5,True,modern,2910
queen,h5,True,modern,5872
knight,h5,False,modern,4272
queen,d4,False,modern,5208
queen,b4,False,modern,3127
queen,b2,False,modern,3809
rook,b1,True,modern,9925
queen,a2,False,modern,2217
rook,b1,False,modern,2129
bishop,b1,True,modern,988
queen,b1,False,modern,1184
queen,e4,False,modern,4118
rook,c8,True,modern,2898
king,c2,True,modern,4022
bishop,c8,False,modern,2237
king,b2,True,modern,2369
queen,d2,False,modern,2427
king,b3,True,modern,2191
queen,f4,False,modern,3360
queen,b8,False,modern,1444
king,c4,True,modern,2473
king,d5,True,modern,1912
king,c6,True,modern,1194
bishop,g2,True,modern,8498
queen,g6,False,modern,3590
pawn,g3,False,modern,2757
queen,h5,False,modern,2233
bishop,b7,True,modern,1763
bishop,a8,True,modern,857
rook,h5,False,modern,1458
bishop,f3,True,modern,5954
queen,h2,False,modern,1802
knight,a6,False,modern,3009
rook,f2,True,modern,3974
queen,f2,False,modern,2905
bishop,e4,False,modern,5230
queen,g5,False,modern,5170
bishop,g5,False,modern,3575
queen,g5,True,modern,3393
queen,d6,True,modern,2852
knight,b6,False,modern,4736
queen,b4,True,modern,2290
rook,d4,False,modern,3195
rook,c4,False,modern,2978
queen,h3,True,modern,2014
knight,g5,False,modern,2128
queen,a3,True,modern,1203
rook,a4,False,modern,2244
rook,a2,False,modern,4035
rook,d8,True,modern,4500
rook,b5,False,modern,1605
knight,c8,False,modern,783
rook,g5,False,modern,1643
rook,g4,False,modern,1743
rook,h8,True,modern,1921
rook,h5,True,modern,1712
rook,a5,True,modern,2187
rook,a4,True,modern,1678
rook,a6,True,modern,2776
rook,a3,True,modern,1631
knight,a3,False,modern,529
king,g4,True,modern,3225
king,g5,True,modern,2092
king,f6,True,modern,1408
king,e6,True,modern,1262
king,d6,True,modern,1239
knight,c2,False,modern,2496
knight,e1,False,modern,589
pawn,e3,False,modern,3071
rook,e2,False,modern,3775
rook,a1,False,modern,2625
rook,f1,False,modern,2318
king,a3,True,modern,922
rook,e7,False,modern,4104
king,a4,True,modern,773
king,a5,True,modern,707
king,a6,True,modern,532
king,a7,True,modern,389
bishop,c2,True,modern,3414
bishop,e5,True,modern,5486
knight,c8,True,modern,651
rook,c7,False,modern,3191
queen,h8,True,modern,1607
queen,h4,True,modern,2696
rook,f6,True,modern,2459
rook,f8,True,modern,2495
bishop,c6,True,modern,6353
bishop,f3,False,modern,7245
queen,g3,True,modern,4480
knight,b2,False,modern,974
queen,d8,False,modern,4103
queen,e8,True,modern,1721
king,a7,False,modern,1078
queen,g6,True,modern,2659
queen,e1,False,modern,1743
king,h2,True,modern,7887
queen,e5,False,modern,5577
queen,h8,False,modern,327
queen,f5,True,modern,3378
king,g3,True,modern,6101
queen,g8,False,modern,428
king,h4,True,modern,1869
king,h5,True,modern,1194
king,h3,True,modern,3176
queen,e6,False,modern,4609
queen,c7,True,modern,2587
queen,b7,True,modern,3455
knight,b3,True,modern,3806
bishop,f4,False,modern,2980
queen,a5,False,modern,5940
queen,d3,False,modern,2487
rook,b3,True,modern,1819
bishop,d4,True,modern,5431
bishop,g2,False,modern,1754
bishop,e4,True,modern,6119
queen,a7,True,modern,2087
knight,d8,False,modern,1053
queen,b6,True,modern,1711
queen,d4,True,modern,6930
queen,f6,True,modern,3243
queen,c6,True,modern,2939
queen,c8,True,modern,1455
rook,e5,False,modern,3170
knight,d7,True,modern,2444
rook,e3,False,modern,2508
bishop,c3,True,modern,3889
queen,d5,True,modern,5035
bishop,b2,False,modern,1998
bishop,a1,False,modern,805
rook,h1,False,modern,1694
pawn,a6,True,modern,2610
bishop,f2,False,modern,1963
rook,g1,False,modern,1445
knight,a1,True,modern,104
rook,a8,False,modern,4073
rook,a7,False,modern,1981
rook,a6,False,modern,1742
king,f4,True,modern,4066
king,d4,True,modern,3188
queen,c5,True,modern,2484
king,f4,False,modern,2304
king,f3,False,modern,1406
king,g2,False,modern,651
queen,g1,False,modern,854
king,h2,False,modern,422
king,h3,False,modern,708
bishop,a4,True,modern,2722
bishop,c2,False,modern,1478
bishop,h5,False,modern,3080
pawn,b5,True,modern,8155
king,b1,True,modern,3802
bishop,b3,True,modern,5883
rook,b3,False,modern,2359
rook,a5,False,modern,1767
rook,c5,False,modern,2298
knight,h4,True,modern,3568
king,g2,True,modern,11245
queen,g3,False,modern,2260
bishop,f7,True,modern,2554
knight,f2,False,modern,2252
pawn,h5,True,modern,7003
knight,h8,False,modern,119
pawn,h6,True,modern,2821
rook,h6,True,modern,1884
rook,c6,False,modern,2309
knight,h7,True,modern,628
rook,h6,False,modern,1363
knight,f8,True,modern,804
rook,f6,False,modern,3293
queen,a5,True,modern,1493
bishop,e1,False,modern,647
knight,c5,False,modern,6441
knight,f1,True,modern,1946
bishop,f5,True,modern,3071
knight,g3,True,modern,4406
rook,f4,False,modern,2469
pawn,c7,True,modern,1233
knight,b3,False,modern,1888
bishop,g6,True,modern,2152
king,h7,False,modern,7343
pawn,g5,True,modern,8269
queen,h2,True,modern,556
queen,h6,True,modern,2786
pawn,f3,False,modern,3390
pawn,e2,False,modern,971
rook,d3,False,modern,2915
rook,a3,False,modern,2610
queen,g2,True,modern,1451
knight,a1,False,modern,716
knight,f7,False,modern,1253
queen,f4,True,modern,4337
knight,g8,False,modern,896
rook,b7,False,modern,1975
bishop,b6,True,modern,1579
knight,a3,True,modern,2768
rook,b6,False,modern,1861
bishop,g6,False,modern,4132
queen,d1,True,modern,3189
queen,a6,True,modern,1755
knight,a7,False,modern,469
knight,b5,False,modern,1388
rook,d5,True,modern,3305
rook,f5,True,modern,2354
queen,c2,True,modern,8162
rook,g3,True,modern,2434
king,d6,False,modern,5456
pawn,g4,False,modern,6859
rook,h1,True,modern,2629
rook,h3,True,modern,1737
bishop,h6,False,modern,2407
rook,e4,False,modern,3064
rook,h7,True,modern,2684
king,b5,True,modern,1369
bishop,d2,False,modern,2147
queen,b3,True,modern,6682
rook,f3,True,modern,3682
knight,h3,False,modern,832
knight,e1,True,modern,1388
pawn,c3,False,modern,4310
bishop,c1,True,modern,1764
king,d5,False,modern,3294
king,e6,False,modern,6487
knight,f5,True,modern,5331
queen,c4,False,modern,2568
rook,a1,True,modern,3966
king,h1,True,modern,8037
rook,c3,False,modern,3228
rook,c2,False,modern,4412
rook,c2,True,modern,2948
rook,c1,False,modern,2930
pawn,b6,True,modern,2911
pawn,b8,True,modern,511
bishop,b1,False,modern,508
rook,d1,False,modern,4157
bishop,f8,False,modern,2977
bishop,a5,False,modern,1768
king,a5,False,modern,919
bishop,b4,True,modern,2151
bishop,d8,True,modern,1024
bishop,a5,True,modern,1003
bishop,c4,False,modern,3142
king,c3,True,modern,3521
king,b4,True,modern,1711
king,a6,False,modern,1033
bishop,c7,True,modern,1601
queen,c3,True,modern,4165
queen,a4,True,modern,4003
bishop,g8,True,modern,471
bishop,h1,False,modern,315
knight,h1,True,modern,94
knight,f2,True,modern,1078
rook,g6,False,modern,1988
king,e5,True,modern,2231
rook,g3,False,modern,1699
king,e4,True,modern,3838
rook,h3,False,modern,1660
pawn,h2,False,modern,931
pawn,h1,False,modern,458
king,d4,False,modern,2010
rook,c6,True,modern,2921
rook,b6,True,modern,2257
king,b4,False,modern,1466
rook,a8,True,modern,2520
queen,b1,True,modern,1165
king,e5,False,modern,3773
king,g4,False,modern,2082
king,h4,False,modern,1193
rook,g8,True,modern,1446
bishop,d5,False,modern,5317
knight,c7,True,modern,2698
pawn,b3,False,modern,3127
queen,a8,True,modern,1655
knight,g2,True,modern,587
knight,g3,False,modern,2157
bishop,c7,False,modern,1913
knight,f8,False,modern,1958
queen,f7,False,modern,2529
bishop,f1,True,modern,2390
queen,b3,False,modern,1534
rook,f4,True,modern,2579
queen,f1,True,modern,1267
knight,a8,True,modern,859
queen,a8,False,modern,981
bishop,g3,True,modern,4786
queen,b7,False,modern,1984
knight,a2,False,modern,656
rook,c3,True,modern,2520
queen,b8,True,modern,1114
rook,e1,False,modern,3701
king,g6,True,modern,1292
king,h6,True,modern,784
pawn,f2,False,modern,994
pawn,f1,False,modern,440
rook,g7,False,modern,1748
queen,h7,False,modern,513
bishop,g3,False,modern,1723
pawn,b2,False,modern,1278
pawn,b1,False,modern,546
queen,f8,False,modern,1569
bishop,f8,True,modern,1254
rook,f3,False,modern,2393
rook,g5,True,modern,1763
queen,c1,True,modern,2010
queen,a1,True,modern,813
knight,g7,True,modern,833
rook,h4,False,modern,1680
knight,h6,True,modern,898
knight,f1,False,modern,695
queen,h1,True,modern,273
queen,a4,False,modern,1727
queen,c7,False,modern,10068
bishop,d8,False,modern,1488
rook,b5,True,modern,2054
king,b3,False,modern,1084
king,b2,False,modern,723
pawn,a2,False,modern,1304
king,b1,False,modern,346
rook,a2,True,modern,1636
king,a2,False,modern,445
pawn,g6,True,modern,3834
pawn,e8,True,modern,412
pawn,g7,True,modern,1297
pawn,g8,True,modern,483
king,d2,False,modern,575
king,e3,False,modern,1212
rook,f2,False,modern,3392
pawn,h7,True,modern,1165
pawn,h8,True,modern,559
king,a3,False,modern,592
king,c1,False,modern,269
king,a1,False,modern,264
pawn,a1,False,modern,682
knight,b2,True,modern,500
bishop,c1,False,modern,648
knight,h7,False,modern,1200
bishop,g7,True,modern,2447
knight,a4,True,modern,3173
bishop,e8,False,modern,1303
bishop,d1,False,modern,860
bishop,a3,False,modern,1582
knight,b6,True,modern,1743
bishop,d1,True,modern,1306
king,f5,True,modern,2314
king,f7,True,modern,686
rook,f5,False,modern,2586
king,c3,False,modern,1286
bishop,a2,True,modern,1117
knight,a4,False,modern,1042
rook,g6,True,modern,1882
bishop,a6,True,modern,1716
bishop,h8,True,modern,409
bishop,f2,True,modern,1825
queen,g7,False,modern,1591
rook,h4,True,modern,1525
rook,g2,True,modern,1661
bishop,h4,True,modern,3506
rook,e6,False,modern,3374
queen,c8,False,modern,2487
bishop,e1,True,modern,961
knight,e6,False,modern,3307
queen,b2,True,modern,1680
bishop,a2,False,modern,778
queen,f8,True,modern,1322
queen,a6,False,modern,1337
knight,d6,False,modern,2917
knight,e8,False,modern,1734
knight,d8,True,modern,712
king,g3,False,modern,1224
queen,g1,True,modern,412
king,a2,True,modern,1038
bishop,g1,False,modern,333
knight,c7,False,modern,1683
bishop,a3,True,modern,2377
knight,d1,False,modern,611
pawn,a7,True,modern,1284
pawn,a8,True,modern,680
bishop,e8,True,modern,572
bishop,a7,False,modern,889
pawn,c8,True,modern,536
bishop,c8,True,modern,563
pawn,c2,False,modern,1089
bishop,h4,False,modern,1691
knight,b8,True,modern,245
knight,a6,True,modern,548
knight,b7,True,modern,906
rook,b2,True,modern,1789
bishop,a8,False,modern,579
rook,b4,True,modern,1688
king,c5,True,modern,1778
king,b6,True,modern,1073
knight,c1,False,modern,608
pawn,g2,False,modern,981
bishop,h1,True,modern,261
knight,h1,False,modern,348
knight,b7,False,modern,541
bishop,a7,True,modern,856
bishop,b3,False,modern,1269
knight,a5,True,modern,1056
knight,g1,False,modern,149
king,a1,True,modern,840
knight,h2,False,modern,435
knight,b1,True,modern,899
knight,b1,False,modern,213
bishop,g8,False,modern,230
pawn,d2,False,modern,1107
pawn,d1,False,modern,400
knight,g8,True,modern,161
pawn,c1,False,modern,427
bishop,b8,True,modern,630
pawn,e1,False,modern,400
knight,h5,True,modern,1439
knight,c1,True,modern,695
knight,b8,False,modern,1193
queen,a7,False,modern,863
pawn,d7,True,modern,1348
pawn,d8,True,modern,470
knight,h4,False,modern,1309
bishop,h8,False,modern,436
king,h7,True,modern,472
knight,g7,False,modern,784
king,g7,True,modern,650
king,e7,True,modern,614
king,d7,True,modern,593
king,c7,True,modern,651
pawn,g1,False,modern,391
knight,a2,True,modern,433
king,b8,True,modern,279
king,c8,True,modern,262
king,b7,True,modern,617
queen,h6,False,modern,1519
bishop,h7,False,modern,735
knight,g1,True,modern,622
queen,a2,True,modern,651
bishop,a1,True,modern,420
king,g8,True,modern,311
king,f8,True,modern,245
bishop,h2,True,modern,842
bishop,b8,False,modern,539
king,a8,True,modern,176
king,d1,False,modern,223
king,g1,False,modern,240
king,f2,False,modern,660
king,e8,True,modern,218
king,d8,True,modern,243
knight,a8,False,modern,121
bishop,g1,True,modern,331
king,e2,False,modern,644
king,h8,True,modern,195
king,f1,False,modern,256
king,e1,False,modern,262
king,h1,False,modern,186
