piece,square,is_white,period,count
P,28,True,pre-ai,44865
P,42,False,pre-ai,24476
P,26,True,pre-ai,26446
P,35,False,pre-ai,43597
B,19,True,pre-ai,17978
P,28,False,pre-ai,16250
B,28,True,pre-ai,6357
K,45,False,pre-ai,49922
B,21,True,pre-ai,6638
B,37,False,pre-ai,11272
P,27,True,pre-ai,46760
K,51,False,pre-ai,21967
K,12,True,pre-ai,11232
P,46,False,pre-ai,24239
K,11,True,pre-ai,17223
B,54,False,pre-ai,13781
P,17,True,pre-ai,15889
K,62,False,pre-ai,37860
P,34,True,pre-ai,10809
R,60,False,pre-ai,22190
K,26,True,pre-ai,6132
P,36,False,pre-ai,37187
P,36,True,pre-ai,23527
K,36,False,pre-ai,15316
K,36,True,pre-ai,16831
R,36,False,pre-ai,3360
Q,10,True,pre-ai,8487
B,10,False,pre-ai,1411
K,6,True,pre-ai,39110
R,34,False,pre-ai,2435
B,20,True,pre-ai,16904
R,37,False,pre-ai,2709
K,27,True,pre-ai,15090
R,32,False,pre-ai,1842
R,2,True,pre-ai,15275
B,19,False,pre-ai,3492
R,3,True,pre-ai,21717
R,4,True,pre-ai,25303
Q,50,False,pre-ai,10444
K,5,True,pre-ai,9226
R,8,False,pre-ai,4250
P,30,True,pre-ai,17994
K,35,False,pre-ai,14238
P,37,True,pre-ai,9881
K,21,True,pre-ai,51576
K,42,False,pre-ai,36901
P,41,False,pre-ai,15094
K,18,True,pre-ai,39736
K,35,True,pre-ai,11787
P,35,True,pre-ai,24984
K,32,False,pre-ai,3563
P,25,True,pre-ai,18325
K,49,False,pre-ai,586
P,37,False,pre-ai,19240
B,12,True,pre-ai,14862
B,0,False,pre-ai,906
P,21,False,pre-ai,3841
Q,52,False,pre-ai,11761
K,43,False,pre-ai,2959
K,26,False,pre-ai,5425
Q,0,True,pre-ai,838
K,20,False,pre-ai,4491
K,12,True,pre-ai,10331
K,10,False,pre-ai,2787
P,43,False,pre-ai,22091
P,18,True,pre-ai,22973
P,27,False,pre-ai,22726
B,44,False,pre-ai,12756
B,51,False,pre-ai,12179
K,40,False,pre-ai,3447
K,34,False,pre-ai,7059
Q,27,True,pre-ai,6638
K,28,False,pre-ai,15621
K,28,True,pre-ai,14704
Q,28,True,pre-ai,5139
B,52,False,pre-ai,19386
P,31,True,pre-ai,15812
K,38,True,pre-ai,9538
B,38,False,pre-ai,3722
P,38,True,pre-ai,8870
Q,55,True,pre-ai,2143
K,61,False,pre-ai,9184
Q,63,True,pre-ai,1603
K,52,False,pre-ai,10835
Q,54,True,pre-ai,2501
R,55,True,pre-ai,2656
Q,53,True,pre-ai,2959
P,20,True,pre-ai,15938
B,26,True,pre-ai,16916
P,26,False,pre-ai,11366
Q,35,False,pre-ai,7089
Q,21,True,pre-ai,11198
K,29,True,pre-ai,5120
B,36,False,pre-ai,6403
P,38,False,pre-ai,16148
K,39,True,pre-ai,1526
P,44,False,pre-ai,27835
P,29,False,pre-ai,8828
K,45,True,pre-ai,4892
B,45,False,pre-ai,8110
B,34,True,pre-ai,3546
P,16,True,pre-ai,15676
Q,14,True,pre-ai,1605
K,58,False,pre-ai,7716
R,35,True,pre-ai,3336
R,38,True,pre-ai,1843
P,34,False,pre-ai,28764
R,54,True,pre-ai,2767
B,9,False,pre-ai,2079
B,30,False,pre-ai,13428
R,59,True,pre-ai,4359
R,59,False,pre-ai,20090
R,3,False,pre-ai,4314
K,14,True,pre-ai,12201
Q,36,True,pre-ai,4290
P,21,True,pre-ai,16398
B,39,False,pre-ai,2817
P,23,True,pre-ai,19047
R,11,False,pre-ai,4431
R,10,False,pre-ai,4423
R,15,False,pre-ai,2462
R,31,False,pre-ai,1871
K,13,True,pre-ai,11523
B,16,False,pre-ai,1806
P,18,False,pre-ai,4689
K,19,True,pre-ai,6094
B,21,False,pre-ai,7041
K,18,True,pre-ai,3941
B,25,False,pre-ai,10626
R,23,False,pre-ai,1981
K,26,True,pre-ai,2772
B,12,False,pre-ai,2300
K,35,True,pre-ai,2167
K,42,True,pre-ai,1369
P,13,False,pre-ai,1093
P,19,True,pre-ai,14560
B,29,True,pre-ai,12714
B,38,True,pre-ai,15969
P,47,False,pre-ai,18146
K,30,False,pre-ai,7780
Q,2,True,pre-ai,2267
K,5,False,pre-ai,769
Q,4,True,pre-ai,2977
K,42,True,pre-ai,5344
K,24,True,pre-ai,3162
B,40,False,pre-ai,4086
R,11,True,pre-ai,5311
R,12,True,pre-ai,4893
R,44,True,pre-ai,3034
Q,59,False,pre-ai,4111
R,42,True,pre-ai,2980
Q,51,False,pre-ai,9489
Q,44,True,pre-ai,3116
Q,44,False,pre-ai,4565
B,33,False,pre-ai,2832
B,24,False,pre-ai,1204
R,58,False,pre-ai,16627
R,40,True,pre-ai,2750
R,43,True,pre-ai,3514
R,5,True,pre-ai,9049
P,39,False,pre-ai,14157
K,53,False,pre-ai,11959
K,46,False,pre-ai,6087
P,31,False,pre-ai,6132
K,39,False,pre-ai,1930
P,23,False,pre-ai,2531
R,52,True,pre-ai,4005
R,38,False,pre-ai,1785
R,63,True,pre-ai,1818
K,54,False,pre-ai,12301
R,62,True,pre-ai,1493
K,55,False,pre-ai,6808
R,58,True,pre-ai,2841
K,47,False,pre-ai,3367
R,50,True,pre-ai,4258
R,14,False,pre-ai,2840
K,4,True,pre-ai,4124
K,3,True,pre-ai,4886
K,2,True,pre-ai,8686
R,51,True,pre-ai,4657
R,7,False,pre-ai,1792
K,11,True,pre-ai,7783
P,15,False,pre-ai,1117
Q,24,True,pre-ai,4037
Q,26,True,pre-ai,3842
Q,33,True,pre-ai,2897
Q,33,False,pre-ai,2196
K,33,True,pre-ai,6701
K,50,True,pre-ai,2677
K,51,False,pre-ai,8239
K,56,True,pre-ai,791
K,41,True,pre-ai,1754
K,44,False,pre-ai,6984
B,26,False,pre-ai,3286
K,20,True,pre-ai,7394
B,11,False,pre-ai,2243
P,45,False,pre-ai,16593
K,25,False,pre-ai,6317
P,33,True,pre-ai,8936
Q,25,False,pre-ai,3008
Q,43,False,pre-ai,7253
P,43,True,pre-ai,4753
B,48,True,pre-ai,772
P,41,True,pre-ai,3005
Q,17,True,pre-ai,6216
R,12,False,pre-ai,3918
Q,35,True,pre-ai,4686
R,28,False,pre-ai,3471
B,47,False,pre-ai,2883
Q,49,True,pre-ai,3027
P,49,True,pre-ai,1277
P,57,True,pre-ai,560
R,57,False,pre-ai,10945
B,57,True,pre-ai,491
R,56,True,pre-ai,2452
B,43,True,pre-ai,3272
Q,52,True,pre-ai,2441
B,33,True,pre-ai,11436
B,51,True,pre-ai,2389
P,24,True,pre-ai,14266
Q,9,False,pre-ai,3455
R,1,True,pre-ai,10493
Q,16,False,pre-ai,1846
R,0,True,pre-ai,4026
B,11,True,pre-ai,11010
Q,26,False,pre-ai,2475
K,50,False,pre-ai,1905
Q,40,False,pre-ai,1321
R,13,True,pre-ai,4439
P,30,False,pre-ai,7660
R,14,True,pre-ai,1902
K,15,False,pre-ai,540
Q,8,True,pre-ai,617
K,21,False,pre-ai,4257
K,10,True,pre-ai,5060
R,1,False,pre-ai,2100
K,1,True,pre-ai,4057
K,11,False,pre-ai,2203
Q,11,True,pre-ai,11505
Q,24,False,pre-ai,1649
Q,10,False,pre-ai,2531
K,33,False,pre-ai,1358
R,15,True,pre-ai,1262
K,16,False,pre-ai,566
K,1,False,pre-ai,221
K,9,True,pre-ai,2883
K,2,True,pre-ai,851
K,8,True,pre-ai,471
P,22,False,pre-ai,3168
P,14,False,pre-ai,1110
R,61,False,pre-ai,8462
P,20,False,pre-ai,3413
K,25,True,pre-ai,1344
P,12,False,pre-ai,1146
K,10,True,pre-ai,1640
P,32,False,pre-ai,14462
R,35,False,pre-ai,3288
K,20,True,pre-ai,3625
P,24,False,pre-ai,6404
P,16,False,pre-ai,3009
K,8,True,pre-ai,1196
R,10,True,pre-ai,3306
R,20,False,pre-ai,2939
P,40,False,pre-ai,17934
P,33,False,pre-ai,20744
P,17,False,pre-ai,3482
Q,32,False,pre-ai,6189
R,17,True,pre-ai,1902
Q,8,False,pre-ai,2039
B,18,True,pre-ai,4479
R,9,True,pre-ai,2017
B,9,True,pre-ai,7721
B,16,True,pre-ai,2942
K,22,True,pre-ai,4631
B,20,False,pre-ai,2965
B,2,True,pre-ai,2074
B,2,False,pre-ai,781
Q,42,True,pre-ai,2785
Q,25,True,pre-ai,2123
R,0,False,pre-ai,2677
Q,1,True,pre-ai,1201
P,8,False,pre-ai,1453
P,0,False,pre-ai,846
B,34,False,pre-ai,11719
B,41,False,pre-ai,3045
K,13,False,pre-ai,2457
Q,12,True,pre-ai,13408
R,53,True,pre-ai,3569
K,60,False,pre-ai,4665
K,16,True,pre-ai,3198
B,44,True,pre-ai,3243
R,60,True,pre-ai,3527
K,52,False,pre-ai,11271
R,47,True,pre-ai,1923
K,37,False,pre-ai,5790
K,42,False,pre-ai,3999
K,22,False,pre-ai,2198
P,39,True,pre-ai,7365
R,37,True,pre-ai,2462
P,25,False,pre-ai,9850
K,27,False,pre-ai,11802
P,47,True,pre-ai,2906
R,63,False,pre-ai,2804
K,12,False,pre-ai,2227
R,62,False,pre-ai,6744
K,35,False,pre-ai,3423
P,46,True,pre-ai,4031
P,55,True,pre-ai,1186
K,45,False,pre-ai,7911
B,63,True,pre-ai,440
B,28,False,pre-ai,5342
Q,36,False,pre-ai,5475
B,52,True,pre-ai,2814
Q,28,False,pre-ai,4234
Q,30,False,pre-ai,2984
Q,38,False,pre-ai,5049
Q,11,False,pre-ai,2527
B,37,True,pre-ai,3170
Q,27,False,pre-ai,5199
B,27,True,pre-ai,5446
B,18,False,pre-ai,6175
Q,58,True,pre-ai,1437
Q,30,True,pre-ai,5188
Q,41,False,pre-ai,8205
K,59,False,pre-ai,5183
Q,45,True,pre-ai,3173
Q,47,True,pre-ai,2784
K,50,False,pre-ai,4983
Q,46,True,pre-ai,2617
R,51,False,pre-ai,4558
R,16,True,pre-ai,1731
B,32,True,pre-ai,1092
K,49,False,pre-ai,2734
R,52,False,pre-ai,4229
Q,43,True,pre-ai,2713
Q,39,True,pre-ai,5974
Q,45,False,pre-ai,9009
B,43,False,pre-ai,13265
K,43,True,pre-ai,5069
R,48,False,pre-ai,1982
B,49,False,pre-ai,10692
B,49,True,pre-ai,1775
B,36,True,pre-ai,5156
B,45,True,pre-ai,7211
K,43,False,pre-ai,5901
K,60,True,pre-ai,660
R,48,True,pre-ai,3979
Q,46,False,pre-ai,3294
P,22,True,pre-ai,19635
Q,20,True,pre-ai,6200
Q,41,True,pre-ai,1678
K,41,False,pre-ai,4931
P,45,True,pre-ai,5156
B,46,True,pre-ai,2109
R,36,True,pre-ai,3535
R,47,False,pre-ai,1467
B,53,True,pre-ai,2336
B,35,True,pre-ai,5740
R,44,False,pre-ai,3436
R,4,False,pre-ai,3752
K,15,True,pre-ai,7797
K,23,True,pre-ai,3667
R,18,False,pre-ai,3399
R,16,False,pre-ai,2982
K,30,True,pre-ai,3766
R,24,False,pre-ai,2421
K,38,True,pre-ai,2413
R,25,False,pre-ai,2466
K,46,True,pre-ai,1392
R,33,False,pre-ai,1813
K,54,True,pre-ai,776
K,53,True,pre-ai,760
R,30,False,pre-ai,1973
P,54,True,pre-ai,1224
R,54,False,pre-ai,1856
Q,38,True,pre-ai,3440
Q,62,True,pre-ai,998
K,53,True,pre-ai,3023
B,53,False,pre-ai,1481
K,3,False,pre-ai,786
Q,29,True,pre-ai,4036
R,20,True,pre-ai,4149
P,29,True,pre-ai,21168
K,19,False,pre-ai,5010
K,17,False,pre-ai,1991
R,6,True,pre-ai,6544
Q,57,False,pre-ai,1478
Q,17,False,pre-ai,1634
Q,12,False,pre-ai,2525
B,47,True,pre-ai,4103
Q,61,True,pre-ai,1276
K,29,False,pre-ai,5285
K,58,True,pre-ai,765
P,19,False,pre-ai,3862
R,2,False,pre-ai,2891
K,38,False,pre-ai,2227
B,39,True,pre-ai,1612
K,9,False,pre-ai,1080
K,46,False,pre-ai,4448
Q,31,False,pre-ai,4662
Q,21,False,pre-ai,3088
Q,13,False,pre-ai,2840
R,8,True,pre-ai,1855
B,27,False,pre-ai,5838
K,2,False,pre-ai,688
K,19,True,pre-ai,3099
K,34,True,pre-ai,4637
B,60,False,pre-ai,1289
P,32,True,pre-ai,6061
K,49,True,pre-ai,1094
K,54,True,pre-ai,857
R,61,True,pre-ai,2413
R,22,False,pre-ai,1882
K,34,False,pre-ai,2811
K,25,False,pre-ai,1675
K,44,True,pre-ai,4421
K,17,False,pre-ai,1218
R,6,False,pre-ai,1569
K,18,False,pre-ai,1376
K,27,False,pre-ai,2203
K,36,False,pre-ai,4199
K,28,False,pre-ai,2451
K,26,False,pre-ai,2039
K,37,False,pre-ai,4186
R,32,True,pre-ai,2260
K,30,False,pre-ai,2198
K,22,False,pre-ai,1265
K,25,True,pre-ai,1984
K,15,False,pre-ai,423
R,23,True,pre-ai,1868
K,23,False,pre-ai,759
K,31,True,pre-ai,3825
K,18,False,pre-ai,4690
K,7,True,pre-ai,7846
P,11,False,pre-ai,1287
P,3,False,pre-ai,528
K,31,True,pre-ai,2124
Q,2,False,pre-ai,1493
Q,42,False,pre-ai,4076
R,31,True,pre-ai,1667
R,29,True,pre-ai,2671
R,45,True,pre-ai,2619
P,9,False,pre-ai,1492
R,49,True,pre-ai,4110
K,24,False,pre-ai,1218
R,18,True,pre-ai,2545
R,19,True,pre-ai,3871
R,27,True,pre-ai,3414
R,9,False,pre-ai,4451
K,61,True,pre-ai,804
Q,34,False,pre-ai,4041
Q,15,False,pre-ai,1890
K,22,True,pre-ai,6874
K,44,False,pre-ai,3454
K,21,True,pre-ai,8003
Q,40,True,pre-ai,1713
B,14,True,pre-ai,10230
Q,1,False,pre-ai,1086
Q,37,False,pre-ai,3629
Q,23,False,pre-ai,2234
R,57,True,pre-ai,2060
Q,16,True,pre-ai,1151
Q,34,True,pre-ai,2437
Q,18,True,pre-ai,4029
Q,3,True,pre-ai,3260
Q,29,False,pre-ai,3360
K,28,True,pre-ai,4150
B,42,False,pre-ai,5214
Q,22,True,pre-ai,4292
B,30,True,pre-ai,2706
B,3,True,pre-ai,1463
R,19,False,pre-ai,3329
B,35,False,pre-ai,5382
R,34,True,pre-ai,2597
B,8,False,pre-ai,809
B,17,False,pre-ai,1289
R,29,False,pre-ai,2698
R,41,False,pre-ai,1891
K,29,True,pre-ai,4352
R,41,True,pre-ai,2449
R,42,False,pre-ai,2494
Q,47,False,pre-ai,1485
K,17,True,pre-ai,3947
R,17,False,pre-ai,2653
B,31,True,pre-ai,3161
Q,37,True,pre-ai,3084
B,14,False,pre-ai,2082
B,13,False,pre-ai,1826
Q,13,True,pre-ai,3170
R,13,False,pre-ai,3426
R,21,False,pre-ai,2596
Q,19,False,pre-ai,2607
Q,22,False,pre-ai,2290
Q,14,False,pre-ai,2566
K,31,False,pre-ai,1440
K,14,False,pre-ai,737
Q,19,True,pre-ai,8796
K,52,True,pre-ai,2373
K,63,True,pre-ai,606
K,57,False,pre-ai,3258
K,48,False,pre-ai,1160
K,56,False,pre-ai,889
Q,32,True,pre-ai,1500
K,63,False,pre-ai,6859
K,55,False,pre-ai,1224
R,30,True,pre-ai,1790
B,31,False,pre-ai,1903
K,23,False,pre-ai,871
R,7,True,pre-ai,3038
P,10,False,pre-ai,1369
P,1,False,pre-ai,651
B,42,True,pre-ai,5752
B,29,False,pre-ai,3012
P,53,True,pre-ai,1287
Q,7,False,pre-ai,1460
Q,55,False,pre-ai,476
K,55,True,pre-ai,698
B,3,False,pre-ai,927
B,23,True,pre-ai,2363
K,7,False,pre-ai,449
R,28,True,pre-ai,3544
K,16,True,pre-ai,1095
K,33,True,pre-ai,1613
K,47,False,pre-ai,3264
B,23,False,pre-ai,3017
Q,6,False,pre-ai,962
B,17,True,pre-ai,5160
B,55,True,pre-ai,1083
K,32,True,pre-ai,1118
K,38,False,pre-ai,3448
R,46,True,pre-ai,1878
K,29,False,pre-ai,2458
R,22,True,pre-ai,2404
K,21,False,pre-ai,1402
K,13,False,pre-ai,678
K,31,False,pre-ai,1218
P,44,True,pre-ai,4714
P,52,True,pre-ai,1130
P,60,True,pre-ai,412
Q,31,True,pre-ai,2689
K,41,False,pre-ai,2607
Q,50,True,pre-ai,2324
Q,58,False,pre-ai,2542
Q,56,False,pre-ai,964
Q,60,False,pre-ai,2672
R,46,False,pre-ai,2092
K,23,True,pre-ai,2785
K,13,True,pre-ai,1375
K,8,False,pre-ai,677
K,39,False,pre-ai,4148
B,5,False,pre-ai,1235
Q,59,True,pre-ai,2825
R,40,False,pre-ai,1820
B,54,True,pre-ai,2462
Q,5,True,pre-ai,1509
R,5,False,pre-ai,2421
Q,0,False,pre-ai,1647
K,1,True,pre-ai,1128
K,27,True,pre-ai,3364
K,17,True,pre-ai,2637
Q,18,False,pre-ai,3220
K,24,True,pre-ai,1008
K,32,True,pre-ai,856
K,40,True,pre-ai,709
K,49,True,pre-ai,814
K,48,True,pre-ai,477
K,41,True,pre-ai,1226
P,51,True,pre-ai,1322
R,24,True,pre-ai,1778
R,56,False,pre-ai,4161
P,40,True,pre-ai,2734
P,48,True,pre-ai,1382
B,59,True,pre-ai,892
B,25,True,pre-ai,2475
Q,5,False,pre-ai,1217
B,62,True,pre-ai,466
K,53,False,pre-ai,1389
Q,23,True,pre-ai,1842
R,25,True,pre-ai,1821
R,26,True,pre-ai,2340
P,61,True,pre-ai,479
Q,56,True,pre-ai,1529
Q,51,True,pre-ai,2315
K,30,True,pre-ai,2595
B,61,False,pre-ai,3251
K,47,True,pre-ai,915
K,62,False,pre-ai,979
R,39,False,pre-ai,1528
Q,20,False,pre-ai,2964
P,42,True,pre-ai,4321
Q,48,True,pre-ai,1920
Q,60,True,pre-ai,1584
Q,53,False,pre-ai,2667
R,26,False,pre-ai,3014
P,56,True,pre-ai,763
K,4,False,pre-ai,682
B,22,True,pre-ai,3998
K,37,True,pre-ai,5044
R,45,False,pre-ai,3354
R,53,False,pre-ai,4209
K,33,False,pre-ai,1955
K,24,False,pre-ai,835
B,24,True,pre-ai,2286
B,10,True,pre-ai,3081
Q,49,False,pre-ai,2177
K,46,True,pre-ai,2408
K,3,True,pre-ai,1230
R,27,False,pre-ai,3456
K,45,True,pre-ai,1533
K,52,True,pre-ai,730
K,44,True,pre-ai,1440
K,37,True,pre-ai,2429
K,43,True,pre-ai,1414
K,50,True,pre-ai,781
K,59,True,pre-ai,251
K,60,True,pre-ai,254
K,54,False,pre-ai,794
K,62,True,pre-ai,341
R,55,False,pre-ai,1240
K,36,True,pre-ai,2353
K,51,True,pre-ai,2326
Q,54,False,pre-ai,1605
B,40,True,pre-ai,1903
R,50,False,pre-ai,3178
R,43,False,pre-ai,3242
B,6,False,pre-ai,345
B,50,True,pre-ai,1386
R,33,True,pre-ai,2151
Q,4,False,pre-ai,1676
K,0,False,pre-ai,847
B,32,False,pre-ai,1694
B,13,True,pre-ai,1990
B,41,True,pre-ai,1459
B,50,False,pre-ai,1975
B,59,False,pre-ai,1547
B,61,True,pre-ai,1218
K,40,False,pre-ai,1093
P,59,True,pre-ai,471
Q,3,False,pre-ai,2849
B,46,False,pre-ai,3879
K,6,True,pre-ai,797
K,59,False,pre-ai,1027
K,57,False,pre-ai,1216
Q,6,True,pre-ai,481
B,56,True,pre-ai,743
K,12,False,pre-ai,646
K,5,False,pre-ai,240
K,19,False,pre-ai,1400
K,9,False,pre-ai,781
K,8,False,pre-ai,503
K,59,True,pre-ai,789
B,60,True,pre-ai,521
K,47,True,pre-ai,872
P,63,True,pre-ai,573
Q,63,False,pre-ai,351
R,21,True,pre-ai,3879
B,63,False,pre-ai,454
P,2,False,pre-ai,631
Q,48,False,pre-ai,785
B,4,False,pre-ai,619
B,58,True,pre-ai,642
P,50,True,pre-ai,1269
K,34,True,pre-ai,1956
B,22,False,pre-ai,1704
K,48,False,pre-ai,481
K,58,False,pre-ai,786
K,58,True,pre-ai,292
P,58,True,pre-ai,573
Q,9,True,pre-ai,1702
Q,39,False,pre-ai,2301
R,39,True,pre-ai,1906
K,40,True,pre-ai,581
B,62,False,pre-ai,250
P,5,False,pre-ai,525
K,51,True,pre-ai,686
K,57,True,pre-ai,330
Q,61,False,pre-ai,1471
K,5,True,pre-ai,1876
B,56,False,pre-ai,563
R,49,False,pre-ai,2067
K,61,True,pre-ai,286
B,57,False,pre-ai,599
B,1,False,pre-ai,588
B,5,True,pre-ai,2695
B,58,False,pre-ai,2246
K,48,True,pre-ai,690
P,6,False,pre-ai,490
K,16,False,pre-ai,730
P,62,True,pre-ai,474
B,8,True,pre-ai,953
K,15,True,pre-ai,1393
K,6,False,pre-ai,271
K,7,False,pre-ai,188
K,11,False,pre-ai,739
B,7,False,pre-ai,468
K,14,False,pre-ai,628
B,55,False,pre-ai,666
Q,57,True,pre-ai,1068
K,32,False,pre-ai,916
K,60,False,pre-ai,1900
B,4,True,pre-ai,1107
K,10,False,pre-ai,802
K,3,False,pre-ai,263
K,2,False,pre-ai,323
K,1,False,pre-ai,383
K,0,False,pre-ai,262
K,4,True,pre-ai,1540
Q,7,True,pre-ai,315
B,15,False,pre-ai,830
K,61,False,pre-ai,2018
K,20,False,pre-ai,1353
B,1,True,pre-ai,952
K,56,True,pre-ai,242
P,7,False,pre-ai,576
B,7,True,pre-ai,315
B,48,False,pre-ai,709
K,14,True,pre-ai,694
K,0,True,pre-ai,112
K,39,True,pre-ai,1302
K,57,True,pre-ai,225
B,15,True,pre-ai,817
K,62,True,pre-ai,215
K,9,True,pre-ai,547
B,0,True,pre-ai,448
K,0,True,pre-ai,1005
Q,15,True,pre-ai,564
B,6,True,pre-ai,325
K,6,False,pre-ai,188
P,4,False,pre-ai,455
Q,62,False,pre-ai,473
K,4,False,pre-ai,244
K,55,True,pre-ai,483
K,63,True,pre-ai,196
K,56,False,pre-ai,138
K,7,True,pre-ai,141
K,63,False,pre-ai,117
P,28,True,early-post-ai,44621
P,36,False,early-post-ai,37335
Q,39,True,early-post-ai,5708
P,46,False,early-post-ai,24497
Q,36,True,early-post-ai,4674
B,52,False,early-post-ai,19043
Q,63,True,early-post-ai,1738
B,45,False,early-post-ai,8322
Q,62,True,early-post-ai,1003
K,52,False,early-post-ai,11050
Q,55,True,early-post-ai,2354
K,21,True,early-post-ai,51834
P,35,False,early-post-ai,44089
P,27,True,early-post-ai,47701
K,45,False,early-post-ai,50416
P,20,True,early-post-ai,16073
K,28,False,early-post-ai,15811
P,26,True,early-post-ai,26823
P,34,False,early-post-ai,28563
P,35,True,early-post-ai,25970
P,27,False,early-post-ai,22635
K,27,True,early-post-ai,15432
P,44,True,early-post-ai,4690
P,44,False,early-post-ai,27536
B,19,True,early-post-ai,18087
B,25,False,early-post-ai,10907
K,18,True,early-post-ai,40315
K,18,False,early-post-ai,4853
P,18,True,early-post-ai,22628
B,18,False,early-post-ai,6341
B,11,True,early-post-ai,10473
B,0,False,early-post-ai,919
Q,0,True,early-post-ai,807
B,33,True,early-post-ai,12232
B,51,False,early-post-ai,12605
B,51,True,early-post-ai,2567
Q,51,False,early-post-ai,9651
K,17,True,early-post-ai,3711
K,42,False,early-post-ai,37745
K,34,True,early-post-ai,4891
Q,50,False,early-post-ai,10046
K,6,True,early-post-ai,39711
K,58,False,early-post-ai,7550
B,18,True,early-post-ai,4238
R,60,False,early-post-ai,23449
R,1,True,early-post-ai,9929
P,41,False,early-post-ai,14988
K,40,True,early-post-ai,555
Q,49,False,early-post-ai,2133
K,25,True,early-post-ai,1365
K,25,False,early-post-ai,6410
B,25,True,early-post-ai,2443
P,28,False,early-post-ai,15997
R,2,True,early-post-ai,15582
K,51,False,early-post-ai,8227
Q,27,True,early-post-ai,7089
K,44,False,early-post-ai,7131
Q,26,True,early-post-ai,3933
K,36,False,early-post-ai,4370
K,43,False,early-post-ai,5925
R,3,True,early-post-ai,23035
K,45,False,early-post-ai,8196
Q,18,True,early-post-ai,4066
R,59,True,early-post-ai,4676
R,59,False,early-post-ai,20850
P,22,True,early-post-ai,19405
R,3,False,early-post-ai,4370
K,14,True,early-post-ai,12397
P,32,False,early-post-ai,13955
Q,17,True,early-post-ai,6386
R,35,False,early-post-ai,3451
B,32,True,early-post-ai,1151
B,41,True,early-post-ai,1629
K,42,False,early-post-ai,4019
B,27,True,early-post-ai,5792
Q,33,False,early-post-ai,2230
R,34,False,early-post-ai,2433
B,34,True,early-post-ai,3596
Q,34,False,early-post-ai,4180
Q,54,True,early-post-ai,2739
Q,32,False,early-post-ai,5951
Q,24,False,early-post-ai,1632
Q,46,True,early-post-ai,2614
K,33,False,early-post-ai,1890
Q,37,True,early-post-ai,3402
Q,44,True,early-post-ai,3353
Q,51,True,early-post-ai,2524
K,25,False,early-post-ai,1708
Q,24,True,early-post-ai,4257
K,24,False,early-post-ai,853
P,31,True,early-post-ai,15073
K,16,False,early-post-ai,685
P,39,True,early-post-ai,7217
K,8,False,early-post-ai,564
P,47,True,early-post-ai,2815
K,17,False,early-post-ai,1274
P,55,True,early-post-ai,1157
K,10,False,early-post-ai,885
P,63,True,early-post-ai,585
K,11,False,early-post-ai,759
K,12,False,early-post-ai,806
Q,28,True,early-post-ai,5822
P,30,True,early-post-ai,17398
K,18,False,early-post-ai,1427
Q,35,True,early-post-ai,5293
P,38,True,early-post-ai,8457
P,46,True,early-post-ai,4098
Q,42,True,early-post-ai,2947
K,32,False,early-post-ai,988
Q,49,True,early-post-ai,3445
P,54,True,early-post-ai,1213
P,62,True,early-post-ai,488
R,56,True,early-post-ai,2565
P,43,False,early-post-ai,22181
B,44,False,early-post-ai,13403
Q,21,True,early-post-ai,11380
P,24,True,early-post-ai,13678
K,51,False,early-post-ai,21466
P,17,True,early-post-ai,15479
K,23,True,early-post-ai,2686
P,38,False,early-post-ai,15862
P,47,False,early-post-ai,17934
B,30,False,early-post-ai,13395
Q,22,True,early-post-ai,4496
P,39,False,early-post-ai,13443
P,21,True,early-post-ai,16086
B,23,False,early-post-ai,2895
Q,23,True,early-post-ai,1970
P,30,False,early-post-ai,7224
K,30,False,early-post-ai,7679
K,62,False,early-post-ai,39124
R,6,True,early-post-ai,6182
B,31,False,early-post-ai,1787
K,12,True,early-post-ai,10075
Q,52,False,early-post-ai,12029
Q,30,True,early-post-ai,5629
K,63,False,early-post-ai,7747
P,36,True,early-post-ai,23666
B,20,True,early-post-ai,17148
B,12,True,early-post-ai,14480
K,27,False,early-post-ai,12157
Q,11,True,early-post-ai,11371
P,16,True,early-post-ai,14397
K,34,False,early-post-ai,7001
P,25,True,early-post-ai,17263
Q,20,True,early-post-ai,6130
B,49,False,early-post-ai,10719
P,19,True,early-post-ai,13753
Q,27,False,early-post-ai,5316
Q,28,False,early-post-ai,4291
Q,12,True,early-post-ai,13085
Q,12,False,early-post-ai,2426
B,36,True,early-post-ai,5702
B,54,True,early-post-ai,2697
R,62,False,early-post-ai,6584
B,45,True,early-post-ai,7351
K,17,False,early-post-ai,1887
B,37,False,early-post-ai,11624
B,10,False,early-post-ai,1539
R,35,True,early-post-ai,3703
B,28,False,early-post-ai,5288
R,36,True,early-post-ai,3713
R,28,True,early-post-ai,3767
K,11,False,early-post-ai,2088
R,52,True,early-post-ai,4383
K,34,False,early-post-ai,2914
R,11,True,early-post-ai,5171
K,27,False,early-post-ai,2408
B,59,True,early-post-ai,1037
B,50,True,early-post-ai,1493
B,22,True,early-post-ai,4227
B,21,True,early-post-ai,6879
P,33,False,early-post-ai,20223
P,33,True,early-post-ai,8549
P,41,True,early-post-ai,2993
P,49,True,early-post-ai,1287
P,29,True,early-post-ai,20578
P,37,False,early-post-ai,18996
K,52,False,early-post-ai,11062
P,23,True,early-post-ai,18581
K,35,False,early-post-ai,14682
Q,31,False,early-post-ai,4471
Q,22,False,early-post-ai,2181
K,29,False,early-post-ai,5250
B,29,True,early-post-ai,14046
Q,29,False,early-post-ai,3457
K,11,True,early-post-ai,16499
B,35,False,early-post-ai,5642
K,13,True,early-post-ai,11107
Q,30,False,early-post-ai,2993
B,23,True,early-post-ai,2265
K,28,True,early-post-ai,14931
Q,4,True,early-post-ai,2816
Q,10,False,early-post-ai,2653
Q,9,False,early-post-ai,3835
B,30,True,early-post-ai,2915
K,22,True,early-post-ai,6628
Q,36,False,early-post-ai,5705
B,39,True,early-post-ai,1551
K,36,False,early-post-ai,15657
R,15,True,early-post-ai,1268
B,34,False,early-post-ai,12165
B,20,False,early-post-ai,3104
R,21,False,early-post-ai,2582
R,13,False,early-post-ai,3359
R,15,False,early-post-ai,2296
P,40,False,early-post-ai,17634
B,21,False,early-post-ai,7132
K,62,False,early-post-ai,927
K,2,True,early-post-ai,8685
B,28,True,early-post-ai,6695
K,32,False,early-post-ai,3494
R,4,True,early-post-ai,26415
B,37,True,early-post-ai,3362
K,35,True,early-post-ai,12635
Q,43,False,early-post-ai,7594
K,45,True,early-post-ai,4985
Q,45,False,early-post-ai,9566
R,12,True,early-post-ai,5066
P,26,False,early-post-ai,11388
B,40,False,early-post-ai,4038
K,8,False,early-post-ai,679
R,0,True,early-post-ai,3754
Q,19,True,early-post-ai,9048
R,57,False,early-post-ai,10917
R,40,True,early-post-ai,2734
B,43,False,early-post-ai,13484
Q,32,True,early-post-ai,1514
B,32,False,early-post-ai,1736
R,1,False,early-post-ai,2163
Q,56,False,early-post-ai,970
K,36,True,early-post-ai,17648
B,36,False,early-post-ai,6847
B,38,True,early-post-ai,16134
P,45,False,early-post-ai,16847
Q,60,False,early-post-ai,2993
Q,33,True,early-post-ai,2878
Q,60,True,early-post-ai,1734
R,27,True,early-post-ai,3527
B,3,True,early-post-ai,1440
K,46,False,early-post-ai,4255
P,43,True,early-post-ai,5145
P,37,True,early-post-ai,9763
K,59,False,early-post-ai,5449
K,33,True,early-post-ai,6967
K,3,True,early-post-ai,4714
K,60,False,early-post-ai,4793
K,20,False,early-post-ai,4266
B,11,False,early-post-ai,2251
B,24,True,early-post-ai,2491
B,24,False,early-post-ai,1256
P,45,True,early-post-ai,5106
B,31,True,early-post-ai,3325
Q,48,True,early-post-ai,2021
K,1,True,early-post-ai,3992
Q,56,True,early-post-ai,1749
Q,37,False,early-post-ai,3826
R,51,False,early-post-ai,4840
P,42,False,early-post-ai,23804
K,52,True,early-post-ai,2501
K,50,False,early-post-ai,4948
Q,5,False,early-post-ai,1207
Q,3,False,early-post-ai,2902
B,26,True,early-post-ai,17612
K,38,True,early-post-ai,9629
Q,38,False,early-post-ai,5226
B,17,True,early-post-ai,5498
B,44,True,early-post-ai,3593
K,10,False,early-post-ai,2800
K,0,False,early-post-ai,815
B,47,False,early-post-ai,2799
B,54,False,early-post-ai,14259
B,58,True,early-post-ai,766
K,5,True,early-post-ai,8885
Q,19,False,early-post-ai,2584
Q,1,False,early-post-ai,1199
Q,35,False,early-post-ai,7064
B,49,True,early-post-ai,2103
Q,10,True,early-post-ai,8588
K,51,True,early-post-ai,2425
K,19,True,early-post-ai,3152
R,33,False,early-post-ai,1821
R,36,False,early-post-ai,3607
Q,25,True,early-post-ai,2226
K,42,True,early-post-ai,5360
K,35,False,early-post-ai,3492
K,26,False,early-post-ai,2059
K,57,True,early-post-ai,229
P,24,False,early-post-ai,6082
B,59,False,early-post-ai,1591
R,24,True,early-post-ai,1713
R,52,False,early-post-ai,4623
K,21,False,early-post-ai,4225
K,21,True,early-post-ai,7930
R,4,False,early-post-ai,3765
R,34,True,early-post-ai,2678
B,22,False,early-post-ai,1892
R,48,True,early-post-ai,4071
R,44,False,early-post-ai,3690
R,28,False,early-post-ai,3338
P,50,True,early-post-ai,1227
R,50,False,early-post-ai,3452
R,50,True,early-post-ai,4468
K,37,False,early-post-ai,4510
K,28,False,early-post-ai,2640
K,19,False,early-post-ai,1422
Q,53,True,early-post-ai,3350
Q,52,True,early-post-ai,2665
Q,45,True,early-post-ai,3261
K,16,True,early-post-ai,2967
K,19,True,early-post-ai,5890
B,39,False,early-post-ai,2784
B,46,False,early-post-ai,3790
K,18,True,early-post-ai,3777
R,20,False,early-post-ai,2930
B,19,False,early-post-ai,3481
R,58,False,early-post-ai,16921
R,38,True,early-post-ai,1947
K,61,False,early-post-ai,9619
K,48,True,early-post-ai,698
R,37,True,early-post-ai,2570
K,54,False,early-post-ai,13545
R,29,True,early-post-ai,2785
B,48,False,early-post-ai,738
B,12,False,early-post-ai,2323
K,11,True,early-post-ai,7446
R,30,True,early-post-ai,1901
K,10,True,early-post-ai,4656
K,47,False,early-post-ai,3680
B,2,False,early-post-ai,750
K,9,True,early-post-ai,2708
K,16,True,early-post-ai,1084
R,19,False,early-post-ai,3234
R,12,False,early-post-ai,4018
R,23,False,early-post-ai,1851
K,26,True,early-post-ai,6119
K,46,True,early-post-ai,2328
R,55,False,early-post-ai,1231
B,55,True,early-post-ai,1213
Q,55,False,early-post-ai,471
K,30,True,early-post-ai,2608
Q,53,False,early-post-ai,2763
B,29,False,early-post-ai,3295
K,24,True,early-post-ai,3128
B,33,False,early-post-ai,3071
B,26,False,early-post-ai,3431
P,34,True,early-post-ai,10834
R,16,True,early-post-ai,1658
R,19,True,early-post-ai,3993
Q,39,False,early-post-ai,2296
B,15,False,early-post-ai,896
K,15,True,early-post-ai,1230
Q,15,False,early-post-ai,1835
K,49,False,early-post-ai,2699
R,17,True,early-post-ai,1840
B,14,True,early-post-ai,10252
Q,42,False,early-post-ai,4107
P,29,False,early-post-ai,8646
K,29,True,early-post-ai,5050
B,42,True,early-post-ai,6434
R,10,True,early-post-ai,3200
B,13,True,early-post-ai,1940
Q,34,True,early-post-ai,2552
P,31,False,early-post-ai,5640
Q,41,True,early-post-ai,1680
Q,40,True,early-post-ai,1747
K,53,False,early-post-ai,12092
R,56,False,early-post-ai,4147
K,46,False,early-post-ai,6583
R,60,True,early-post-ai,4035
B,27,False,early-post-ai,6129
Q,31,True,early-post-ai,2641
K,31,False,early-post-ai,1277
K,50,True,early-post-ai,2968
K,56,True,early-post-ai,926
K,41,True,early-post-ai,1778
P,25,False,early-post-ai,8962
K,58,True,early-post-ai,790
R,21,True,early-post-ai,3955
R,61,True,early-post-ai,2445
P,20,False,early-post-ai,3218
R,23,True,early-post-ai,1831
R,20,True,early-post-ai,4441
K,38,False,early-post-ai,2200
K,23,False,early-post-ai,824
K,44,True,early-post-ai,4693
K,57,False,early-post-ai,3231
R,6,False,early-post-ai,1452
B,41,False,early-post-ai,3282
P,19,False,early-post-ai,3518
K,9,True,early-post-ai,550
B,9,True,early-post-ai,7465
B,5,False,early-post-ai,1232
K,40,False,early-post-ai,3504
K,7,True,early-post-ai,8062
Q,5,True,early-post-ai,1380
K,19,False,early-post-ai,4757
Q,3,True,early-post-ai,3360
K,9,False,early-post-ai,1049
Q,1,True,early-post-ai,1231
Q,26,False,early-post-ai,2598
R,5,True,early-post-ai,8641
R,27,False,early-post-ai,3308
R,25,False,early-post-ai,2287
R,24,False,early-post-ai,2158
K,2,True,early-post-ai,751
R,61,False,early-post-ai,8615
R,30,False,early-post-ai,1854
R,16,False,early-post-ai,2735
Q,50,True,early-post-ai,2550
R,22,False,early-post-ai,1747
R,44,True,early-post-ai,3446
R,29,False,early-post-ai,2524
K,4,True,early-post-ai,4067
B,3,False,early-post-ai,995
Q,17,False,early-post-ai,1645
R,8,True,early-post-ai,1726
R,9,True,early-post-ai,1895
Q,38,True,early-post-ai,3509
B,9,False,early-post-ai,2196
K,24,False,early-post-ai,1110
Q,47,True,early-post-ai,2792
R,33,True,early-post-ai,2035
Q,29,True,early-post-ai,4283
R,25,True,early-post-ai,1675
K,53,True,early-post-ai,3186
K,63,True,early-post-ai,643
P,42,True,early-post-ai,4336
Q,63,False,early-post-ai,344
Q,11,False,early-post-ai,2548
Q,58,True,early-post-ai,1431
Q,61,True,early-post-ai,1361
K,38,False,early-post-ai,3752
R,53,True,early-post-ai,3612
B,35,True,early-post-ai,6370
B,43,True,early-post-ai,3581
K,58,False,early-post-ai,850
K,43,False,early-post-ai,3185
B,48,True,early-post-ai,902
K,56,False,early-post-ai,941
K,48,False,early-post-ai,1170
R,51,True,early-post-ai,4728
R,54,True,early-post-ai,2758
R,49,True,early-post-ai,4326
K,39,False,early-post-ai,4219
Q,2,False,early-post-ai,1556
R,7,False,early-post-ai,1669
Q,6,False,early-post-ai,933
K,29,True,early-post-ai,4351
K,20,True,early-post-ai,7312
Q,21,False,early-post-ai,3019
K,27,True,early-post-ai,3577
K,13,False,early-post-ai,2333
R,13,True,early-post-ai,4369
K,22,False,early-post-ai,2142
K,5,True,early-post-ai,1791
K,22,True,early-post-ai,4534
K,20,True,early-post-ai,3899
K,55,False,early-post-ai,7245
B,10,True,early-post-ai,3342
R,37,False,early-post-ai,2916
K,41,False,early-post-ai,4909
Q,16,True,early-post-ai,1245
B,16,False,early-post-ai,1701
K,14,False,early-post-ai,690
R,26,False,early-post-ai,3013
P,23,False,early-post-ai,2259
K,23,True,early-post-ai,3558
K,41,False,early-post-ai,2641
K,9,False,early-post-ai,838
P,16,False,early-post-ai,2745
P,8,False,early-post-ai,1329
P,0,False,early-post-ai,766
Q,7,False,early-post-ai,1414
P,18,False,early-post-ai,4407
B,6,False,early-post-ai,365
B,16,True,early-post-ai,2789
B,52,True,early-post-ai,2942
R,14,True,early-post-ai,1870
B,61,True,early-post-ai,1236
P,52,True,early-post-ai,1208
B,38,False,early-post-ai,3794
R,0,False,early-post-ai,2593
B,57,True,early-post-ai,576
Q,57,False,early-post-ai,1509
B,42,False,early-post-ai,5243
Q,41,False,early-post-ai,8286
B,46,True,early-post-ai,2208
R,47,False,early-post-ai,1469
K,15,False,early-post-ai,476
K,15,True,early-post-ai,7750
K,44,False,early-post-ai,3605
K,37,True,early-post-ai,2535
K,47,False,early-post-ai,3229
K,12,True,early-post-ai,10790
R,9,False,early-post-ai,4553
Q,2,True,early-post-ai,2183
R,14,False,early-post-ai,2677
Q,23,False,early-post-ai,2145
Q,59,True,early-post-ai,3090
K,37,True,early-post-ai,5292
K,54,True,early-post-ai,839
K,29,False,early-post-ai,2740
K,21,False,early-post-ai,1534
B,14,False,early-post-ai,2045
Q,18,False,early-post-ai,3146
K,37,False,early-post-ai,5654
K,31,True,early-post-ai,1986
K,39,True,early-post-ai,1344
P,58,True,early-post-ai,542
Q,44,False,early-post-ai,4934
K,43,True,early-post-ai,5021
P,22,False,early-post-ai,3141
P,15,False,early-post-ai,979
R,7,True,early-post-ai,2735
R,10,False,early-post-ai,4486
R,8,False,early-post-ai,4192
P,7,False,early-post-ai,522
K,38,True,early-post-ai,2346
Q,47,False,early-post-ai,1571
K,30,True,early-post-ai,3671
K,3,False,early-post-ai,825
Q,13,False,early-post-ai,2777
B,56,True,early-post-ai,932
K,3,True,early-post-ai,1156
K,17,True,early-post-ai,2503
R,11,False,early-post-ai,4398
B,47,True,early-post-ai,4118
B,13,False,early-post-ai,2002
R,32,True,early-post-ai,2121
R,43,False,early-post-ai,3403
Q,59,False,early-post-ai,4142
Q,4,False,early-post-ai,1721
Q,57,True,early-post-ai,1144
B,58,False,early-post-ai,2335
K,26,False,early-post-ai,5583
P,32,True,early-post-ai,5668
K,28,True,early-post-ai,4225
R,5,False,early-post-ai,2298
P,12,False,early-post-ai,1006
P,4,False,early-post-ai,421
Q,8,False,early-post-ai,2154
R,45,False,early-post-ai,3524
B,0,True,early-post-ai,465
P,21,False,early-post-ai,3771
R,48,False,early-post-ai,2016
P,40,True,early-post-ai,2631
K,57,False,early-post-ai,1194
P,17,False,early-post-ai,3180
B,53,False,early-post-ai,1453
B,4,True,early-post-ai,1060
B,50,False,early-post-ai,2063
Q,54,False,early-post-ai,1713
B,53,True,early-post-ai,2518
R,53,False,early-post-ai,4442
R,57,True,early-post-ai,2083
B,7,False,early-post-ai,410
R,62,True,early-post-ai,1433
P,57,True,early-post-ai,585
P,10,False,early-post-ai,1187
R,46,True,early-post-ai,1855
P,13,False,early-post-ai,1066
K,31,True,early-post-ai,3536
Q,25,False,early-post-ai,3032
R,42,False,early-post-ai,2506
Q,16,False,early-post-ai,1763
Q,61,False,early-post-ai,1582
K,40,False,early-post-ai,1174
R,26,True,early-post-ai,2194
R,32,False,early-post-ai,1821
Q,0,False,early-post-ai,1679
Q,43,True,early-post-ai,2971
K,47,True,early-post-ai,895
K,55,True,early-post-ai,545
R,39,True,early-post-ai,1911
R,63,True,early-post-ai,1829
B,63,False,early-post-ai,434
B,2,True,early-post-ai,2007
R,31,False,early-post-ai,1719
K,53,False,early-post-ai,1443
R,18,True,early-post-ai,2502
B,8,False,early-post-ai,864
B,17,False,early-post-ai,1343
K,55,True,early-post-ai,693
R,43,True,early-post-ai,3722
R,47,True,early-post-ai,1905
B,1,False,early-post-ai,595
R,55,True,early-post-ai,2614
P,11,False,early-post-ai,1128
B,4,False,early-post-ai,700
K,35,True,early-post-ai,2339
K,42,True,early-post-ai,1411
Q,46,False,early-post-ai,3519
Q,14,False,early-post-ai,2531
Q,6,True,early-post-ai,444
K,36,True,early-post-ai,2437
K,45,True,early-post-ai,1608
P,9,False,early-post-ai,1341
K,54,True,early-post-ai,885
P,1,False,early-post-ai,580
K,62,True,early-post-ai,426
K,63,True,early-post-ai,314
Q,48,False,early-post-ai,824
K,26,True,early-post-ai,2931
K,34,True,early-post-ai,2023
K,43,True,early-post-ai,1413
K,51,True,early-post-ai,740
K,59,True,early-post-ai,267
K,58,True,early-post-ai,323
B,40,True,early-post-ai,1947
P,51,True,early-post-ai,1331
P,59,True,early-post-ai,480
R,54,False,early-post-ai,1893
R,46,False,early-post-ai,2144
B,57,False,early-post-ai,600
K,12,False,early-post-ai,2100
K,2,False,early-post-ai,649
K,61,True,early-post-ai,841
K,33,False,early-post-ai,1431
B,60,True,early-post-ai,720
B,56,False,early-post-ai,632
R,45,True,early-post-ai,2615
R,2,False,early-post-ai,2976
P,2,False,early-post-ai,520
K,39,False,early-post-ai,1945
K,33,True,early-post-ai,1635
K,24,True,early-post-ai,982
Q,40,False,early-post-ai,1343
K,4,False,early-post-ai,625
K,25,True,early-post-ai,1887
K,32,True,early-post-ai,823
R,22,True,early-post-ai,2494
P,14,False,early-post-ai,1018
R,42,True,early-post-ai,3029
K,20,False,early-post-ai,1635
K,6,True,early-post-ai,732
P,56,True,early-post-ai,714
K,41,True,early-post-ai,1173
R,40,False,early-post-ai,1811
K,49,True,early-post-ai,798
K,57,True,early-post-ai,342
Q,7,True,early-post-ai,287
B,63,True,early-post-ai,470
K,16,False,early-post-ai,606
R,58,True,early-post-ai,3029
K,30,False,early-post-ai,2299
Q,9,True,early-post-ai,1772
K,1,False,early-post-ai,254
R,18,False,early-post-ai,3246
R,41,False,early-post-ai,1933
K,7,False,early-post-ai,365
Q,20,False,early-post-ai,3047
B,61,False,early-post-ai,3304
R,31,True,early-post-ai,1652
Q,58,False,early-post-ai,2606
Q,13,True,early-post-ai,2943
B,8,True,early-post-ai,997
R,63,False,early-post-ai,2745
K,5,False,early-post-ai,719
K,59,True,early-post-ai,786
B,60,False,early-post-ai,1332
K,6,False,early-post-ai,186
K,60,True,early-post-ai,634
K,49,True,early-post-ai,1035
P,48,True,early-post-ai,1336
B,1,True,early-post-ai,1060
R,17,False,early-post-ai,2501
R,38,False,early-post-ai,1865
K,10,True,early-post-ai,1691
K,61,False,early-post-ai,1946
K,54,False,early-post-ai,799
P,53,True,early-post-ai,1277
P,61,True,early-post-ai,511
K,1,True,early-post-ai,913
K,60,False,early-post-ai,1904
K,50,False,early-post-ai,1859
K,4,True,early-post-ai,1511
K,59,False,early-post-ai,1056
K,23,False,early-post-ai,812
K,14,False,early-post-ai,707
K,7,False,early-post-ai,270
K,15,False,early-post-ai,503
R,39,False,early-post-ai,1568
K,44,True,early-post-ai,1513
K,53,True,early-post-ai,900
P,5,False,early-post-ai,460
K,14,True,early-post-ai,612
K,46,True,early-post-ai,1428
K,48,True,early-post-ai,504
K,56,True,early-post-ai,247
K,39,True,early-post-ai,1443
K,13,True,early-post-ai,1396
K,47,True,early-post-ai,918
B,62,True,early-post-ai,530
K,8,True,early-post-ai,1125
K,8,True,early-post-ai,496
B,5,True,early-post-ai,2725
K,31,False,early-post-ai,1309
Q,14,True,early-post-ai,1592
R,49,False,early-post-ai,2086
Q,15,True,early-post-ai,570
P,3,False,early-post-ai,436
K,52,True,early-post-ai,766
P,6,False,early-post-ai,453
K,49,False,early-post-ai,606
K,62,True,early-post-ai,166
B,15,True,early-post-ai,840
P,60,True,early-post-ai,428
K,48,False,early-post-ai,465
K,5,False,early-post-ai,313
K,0,True,early-post-ai,1003
K,61,True,early-post-ai,358
R,41,True,early-post-ai,2330
K,32,True,early-post-ai,1039
K,55,False,early-post-ai,1088
Q,8,True,early-post-ai,652
K,13,False,early-post-ai,907
K,50,True,early-post-ai,781
B,7,True,early-post-ai,319
K,4,False,early-post-ai,347
K,40,True,early-post-ai,628
K,60,True,early-post-ai,307
B,6,True,early-post-ai,321
K,63,False,early-post-ai,122
K,56,False,early-post-ai,147
B,55,False,early-post-ai,667
B,62,False,early-post-ai,264
Q,62,False,early-post-ai,426
K,2,False,early-post-ai,356
K,1,False,early-post-ai,419
K,3,False,early-post-ai,318
K,6,False,early-post-ai,381
K,22,False,early-post-ai,1468
K,7,True,early-post-ai,107
K,0,False,early-post-ai,336
K,0,True,early-post-ai,92
P,28,True,nnue-era,44532
P,36,False,nnue-era,37176
P,27,True,nnue-era,47553
P,27,False,nnue-era,22635
Q,27,True,nnue-era,7045
B,25,False,nnue-era,10964
Q,25,True,nnue-era,2362
K,42,False,nnue-era,38750
Q,11,True,nnue-era,11084
P,43,False,nnue-era,22401
P,18,True,nnue-era,22771
K,45,False,nnue-era,50478
P,21,True,nnue-era,15572
P,35,False,nnue-era,43112
P,35,True,nnue-era,25525
K,35,False,nnue-era,14384
B,26,True,nnue-era,18350
B,44,False,nnue-era,12855
K,12,True,nnue-era,10202
P,33,False,nnue-era,19686
B,35,True,nnue-era,6022
B,35,False,nnue-era,5166
K,29,True,nnue-era,4808
B,26,False,nnue-era,3152
P,17,True,nnue-era,14466
Q,11,False,nnue-era,2582
B,11,True,nnue-era,9544
K,44,True,nnue-era,4560
P,44,False,nnue-era,26957
K,6,True,nnue-era,39029
K,58,False,nnue-era,7210
P,26,True,nnue-era,25376
P,26,False,nnue-era,10788
K,25,False,nnue-era,6212
R,4,True,nnue-era,25914
P,32,False,nnue-era,13712
R,44,True,nnue-era,3291
K,10,False,nnue-era,2664
R,52,True,nnue-era,4145
K,0,False,nnue-era,785
P,36,True,nnue-era,23227
K,28,False,nnue-era,15624
K,38,False,nnue-era,2189
K,18,True,nnue-era,40485
Q,12,True,nnue-era,12251
P,29,True,nnue-era,19628
K,44,False,nnue-era,3345
K,21,True,nnue-era,51797
B,34,False,nnue-era,12612
B,38,True,nnue-era,16485
K,38,True,nnue-era,9357
Q,38,False,nnue-era,5129
K,28,True,nnue-era,13986
Q,36,False,nnue-era,5456
K,34,True,nnue-era,4540
Q,12,False,nnue-era,2420
B,12,True,nnue-era,13281
K,62,False,nnue-era,38911
K,2,True,nnue-era,8650
B,37,False,nnue-era,11615
P,30,True,nnue-era,16736
B,46,False,nnue-era,3662
R,5,True,nnue-era,8110
R,60,False,nnue-era,22646
R,57,False,nnue-era,10845
K,51,True,nnue-era,2386
R,59,False,nnue-era,19750
B,53,True,nnue-era,2574
B,53,False,nnue-era,1300
P,23,True,nnue-era,18247
B,8,False,nnue-era,780
R,11,True,nnue-era,4852
B,9,True,nnue-era,6465
P,45,False,nnue-era,16242
K,32,False,nnue-era,3547
P,25,False,nnue-era,8750
K,47,False,nnue-era,2745
B,49,False,nnue-era,9610
P,34,False,nnue-era,28395
R,6,True,nnue-era,5978
P,38,False,nnue-era,15048
B,2,True,nnue-era,1669
R,62,False,nnue-era,6260
K,11,True,nnue-era,15785
Q,45,False,nnue-era,9030
K,22,True,nnue-era,4191
R,58,False,nnue-era,16236
K,39,True,nnue-era,1401
Q,29,False,nnue-era,3458
Q,28,False,nnue-era,4198
Q,46,False,nnue-era,3368
B,19,True,nnue-era,17525
R,50,False,nnue-era,3126
P,28,False,nnue-era,14817
B,1,True,nnue-era,921
B,52,False,nnue-era,17382
R,61,False,nnue-era,8234
R,29,True,nnue-era,2633
B,38,False,nnue-era,3385
B,28,True,nnue-era,5983
Q,44,False,nnue-era,4496
R,61,True,nnue-era,2359
K,61,False,nnue-era,9401
Q,7,False,nnue-era,1476
Q,5,True,nnue-era,1263
Q,5,False,nnue-era,1183
K,5,True,nnue-era,8494
R,53,False,nnue-era,4146
K,14,True,nnue-era,11081
R,54,False,nnue-era,1764
B,47,True,nnue-era,4161
K,53,False,nnue-era,11259
B,54,True,nnue-era,2577
K,26,False,nnue-era,5285
K,46,False,nnue-era,5984
R,45,True,nnue-era,2589
K,38,False,nnue-era,3272
K,31,False,nnue-era,1253
Q,3,True,nnue-era,3112
P,47,False,nnue-era,17763
B,45,True,nnue-era,7098
P,16,True,nnue-era,13925
B,18,False,nnue-era,6200
Q,18,False,nnue-era,3180
K,12,True,nnue-era,9396
Q,19,True,nnue-era,8615
Q,0,False,nnue-era,1737
K,57,False,nnue-era,1089
Q,16,False,nnue-era,1766
Q,8,False,nnue-era,2304
P,41,False,nnue-era,13972
P,43,True,nnue-era,4840
B,40,False,nnue-era,3799
P,50,True,nnue-era,1161
B,19,False,nnue-era,3417
K,19,True,nnue-era,5317
K,28,True,nnue-era,3761
K,21,True,nnue-era,7108
Q,35,False,nnue-era,7200
K,13,True,nnue-era,10437
Q,43,False,nnue-era,7251
B,33,True,nnue-era,12310
Q,50,False,nnue-era,9574
P,22,True,nnue-era,18162
R,11,False,nnue-era,4239
K,4,True,nnue-era,3766
K,36,True,nnue-era,17471
K,36,False,nnue-era,14982
Q,39,True,nnue-era,5971
Q,13,False,nnue-era,2849
K,3,True,nnue-era,4450
Q,14,False,nnue-era,2426
Q,21,True,nnue-era,10994
P,31,True,nnue-era,14495
Q,52,False,nnue-era,11135
Q,31,False,nnue-era,4510
K,53,True,nnue-era,3202
K,53,False,nnue-era,1227
Q,53,True,nnue-era,3378
K,63,False,nnue-era,7670
Q,61,True,nnue-era,1398
B,61,False,nnue-era,2914
P,46,False,nnue-era,23670
B,54,False,nnue-era,13573
B,29,True,nnue-era,14706
K,52,False,nnue-era,10797
P,40,False,nnue-era,17190
B,17,True,nnue-era,5725
K,35,True,nnue-era,12934
B,59,True,nnue-era,1007
K,59,False,nnue-era,5071
P,44,True,nnue-era,4560
Q,46,True,nnue-era,2623
Q,38,True,nnue-era,3540
K,60,False,nnue-era,4541
K,43,True,nnue-era,4801
K,51,False,nnue-era,7790
K,52,False,nnue-era,10494
B,20,True,nnue-era,16508
K,30,True,nnue-era,2389
B,30,False,nnue-era,13711
P,42,True,nnue-era,4102
P,42,False,nnue-era,23134
B,42,True,nnue-era,6154
Q,35,True,nnue-era,5135
B,10,False,nnue-era,1479
B,49,True,nnue-era,1788
R,2,True,nnue-era,14749
B,13,True,nnue-era,1703
Q,24,False,nnue-era,1740
R,3,True,nnue-era,21659
Q,43,True,nnue-era,2977
R,49,False,nnue-era,1883
B,34,True,nnue-era,3456
P,21,False,nnue-era,3451
R,21,True,nnue-era,3670
R,33,False,nnue-era,1697
R,27,True,nnue-era,3354
B,27,False,nnue-era,5753
B,27,True,nnue-era,5233
R,9,False,nnue-era,4250
Q,45,True,nnue-era,3189
Q,3,False,nnue-era,2972
Q,30,False,nnue-era,3031
Q,54,True,nnue-era,2831
K,23,True,nnue-era,2236
K,16,True,nnue-era,2668
K,33,True,nnue-era,6923
K,24,True,nnue-era,3191
P,19,True,nnue-era,13422
Q,36,True,nnue-era,4457
B,45,False,nnue-era,7594
Q,47,True,nnue-era,2939
K,43,False,nnue-era,2792
R,45,False,nnue-era,3149
R,44,False,nnue-era,3266
Q,55,True,nnue-era,2422
Q,62,True,nnue-era,1061
Q,58,True,nnue-era,1501
Q,4,False,nnue-era,1767
B,23,False,nnue-era,2784
Q,51,False,nnue-era,9104
P,24,True,nnue-era,13434
P,39,False,nnue-era,13039
K,60,False,nnue-era,1797
K,25,True,nnue-era,1297
P,25,True,nnue-era,16438
B,8,True,nnue-era,981
R,28,True,nnue-era,3566
R,63,False,nnue-era,2694
R,55,False,nnue-era,1093
Q,17,True,nnue-era,6133
R,35,True,nnue-era,3389
R,43,True,nnue-era,3548
R,51,True,nnue-era,4677
Q,17,False,nnue-era,1522
R,49,True,nnue-era,4157
P,37,False,nnue-era,17827
R,48,True,nnue-era,3834
P,31,False,nnue-era,5244
P,29,False,nnue-era,7925
P,32,True,nnue-era,5455
R,6,False,nnue-era,1388
Q,32,False,nnue-era,6243
P,20,True,nnue-era,15111
Q,9,False,nnue-era,3911
R,1,True,nnue-era,9712
B,25,True,nnue-era,2148
R,0,True,nnue-era,3694
K,63,True,nnue-era,587
K,30,False,nnue-era,7609
K,7,True,nnue-era,7643
R,40,True,nnue-era,2545
Q,25,False,nnue-era,3147
R,42,True,nnue-era,2935
R,5,False,nnue-era,2269
K,44,False,nnue-era,6472
K,20,False,nnue-era,3933
Q,27,False,nnue-era,5189
K,5,True,nnue-era,1688
B,21,False,nnue-era,6808
B,47,False,nnue-era,2626
Q,33,True,nnue-era,2961
Q,24,True,nnue-era,4187
Q,10,True,nnue-era,7862
K,27,False,nnue-era,12335
K,21,False,nnue-era,4075
K,4,False,nnue-era,609
Q,4,True,nnue-era,2711
P,33,True,nnue-era,7977
Q,23,False,nnue-era,2208
K,15,True,nnue-era,1171
Q,19,False,nnue-era,2486
B,43,False,nnue-era,12913
P,37,True,nnue-era,9170
P,46,True,nnue-era,3837
B,14,True,nnue-era,8657
K,6,True,nnue-era,646
P,38,True,nnue-era,8112
K,45,True,nnue-era,4749
K,54,False,nnue-era,12311
Q,42,False,nnue-era,4016
Q,60,True,nnue-era,1894
B,29,False,nnue-era,2998
K,42,True,nnue-era,5686
Q,29,True,nnue-era,4161
B,7,False,nnue-era,383
Q,28,True,nnue-era,5392
Q,7,True,nnue-era,313
B,24,True,nnue-era,2768
B,10,True,nnue-era,3088
P,45,True,nnue-era,5076
P,20,False,nnue-era,3005
Q,20,True,nnue-era,5909
R,51,False,nnue-era,4254
B,3,True,nnue-era,1186
R,3,False,nnue-era,4176
B,16,True,nnue-era,2464
K,40,False,nnue-era,3152
K,34,False,nnue-era,6532
P,34,True,nnue-era,10296
B,36,False,nnue-era,6071
K,26,True,nnue-era,5703
B,50,False,nnue-era,1767
B,57,False,nnue-era,560
P,30,False,nnue-era,6850
P,41,True,nnue-era,2802
Q,41,False,nnue-era,8151
Q,56,True,nnue-era,1722
K,39,False,nnue-era,4382
K,29,False,nnue-era,5303
K,23,False,nnue-era,800
K,13,False,nnue-era,2368
R,13,True,nnue-era,3917
B,13,False,nnue-era,1978
Q,13,True,nnue-era,2677
K,37,True,nnue-era,5086
Q,22,True,nnue-era,4234
K,12,False,nnue-era,2099
B,51,False,nnue-era,12001
B,42,False,nnue-era,4828
R,32,False,nnue-era,1831
K,17,True,nnue-era,3479
K,32,True,nnue-era,1010
Q,32,True,nnue-era,1554
Q,50,True,nnue-era,2536
K,15,False,nnue-era,503
Q,59,True,nnue-era,3193
B,60,False,nnue-era,1183
B,39,False,nnue-era,2912
K,48,False,nnue-era,416
Q,57,False,nnue-era,1416
Q,26,True,nnue-era,3987
B,50,True,nnue-era,1515
Q,49,False,nnue-era,2040
K,11,True,nnue-era,7095
B,31,True,nnue-era,3422
Q,60,False,nnue-era,2740
B,37,True,nnue-era,3116
Q,39,False,nnue-era,2371
Q,37,False,nnue-era,3748
K,52,True,nnue-era,2498
K,37,False,nnue-era,3983
K,30,False,nnue-era,2086
K,23,False,nnue-era,734
R,30,True,nnue-era,1741
B,20,False,nnue-era,2912
R,60,True,nnue-era,3958
K,19,False,nnue-era,4497
R,4,False,nnue-era,3647
K,59,True,nnue-era,845
R,13,False,nnue-era,3290
Q,30,True,nnue-era,5611
R,14,False,nnue-era,2546
K,22,False,nnue-era,2078
R,15,False,nnue-era,2207
R,20,False,nnue-era,2559
K,7,False,nnue-era,391
B,0,False,nnue-era,953
K,49,False,nnue-era,550
K,33,False,nnue-era,1308
Q,18,True,nnue-era,3916
B,21,True,nnue-era,5642
B,18,True,nnue-era,3819
B,56,True,nnue-era,874
Q,56,False,nnue-era,949
B,1,False,nnue-era,513
B,61,True,nnue-era,1180
Q,21,False,nnue-era,2897
K,18,True,nnue-era,3423
Q,34,False,nnue-era,4224
Q,26,False,nnue-era,2657
K,9,True,nnue-era,2459
R,10,True,nnue-era,2895
K,17,False,nnue-era,1884
K,1,True,nnue-era,3939
P,24,False,nnue-era,6027
Q,58,False,nnue-era,2451
R,20,True,nnue-era,4072
P,19,False,nnue-era,3388
Q,59,False,nnue-era,4014
K,27,True,nnue-era,15614
K,20,True,nnue-era,3477
K,22,True,nnue-era,6116
K,14,False,nnue-era,665
K,13,True,nnue-era,1143
K,3,True,nnue-era,1119
K,37,False,nnue-era,5266
K,3,False,nnue-era,739
K,9,False,nnue-era,1053
R,36,False,nnue-era,3273
R,37,False,nnue-era,2564
R,38,False,nnue-era,1718
K,50,True,nnue-era,2867
K,56,True,nnue-era,867
K,55,True,nnue-era,626
R,40,False,nnue-era,1750
B,40,True,nnue-era,1745
K,8,False,nnue-era,698
R,34,True,nnue-era,2597
R,58,True,nnue-era,2825
P,14,False,nnue-era,952
P,7,False,nnue-era,530
Q,37,True,nnue-era,3207
K,57,False,nnue-era,2922
R,25,True,nnue-era,1640
K,48,False,nnue-era,1020
R,33,True,nnue-era,1971
K,40,False,nnue-era,926
R,54,True,nnue-era,2783
B,31,False,nnue-era,1648
R,53,True,nnue-era,3516
R,35,False,nnue-era,3151
K,10,True,nnue-era,4238
R,42,False,nnue-era,2346
R,21,False,nnue-era,2304
K,25,True,nnue-era,1636
K,16,True,nnue-era,918
R,19,False,nnue-era,2921
R,41,False,nnue-era,1809
R,17,False,nnue-era,2322
K,8,True,nnue-era,1059
K,32,False,nnue-era,926
R,12,True,nnue-era,4276
K,24,False,nnue-era,775
R,9,True,nnue-era,1604
K,25,False,nnue-era,1457
K,26,False,nnue-era,1834
R,23,False,nnue-era,1622
K,19,False,nnue-era,1266
K,20,False,nnue-era,1259
R,7,False,nnue-era,1613
Q,23,True,nnue-era,1873
B,51,True,nnue-era,2518
K,55,False,nnue-era,7059
K,51,False,nnue-era,19805
B,16,False,nnue-era,1535
R,16,True,nnue-era,1648
P,39,True,nnue-era,6848
R,48,False,nnue-era,1937
R,38,True,nnue-era,1721
P,47,True,nnue-era,2736
R,29,False,nnue-era,2393
K,60,True,nnue-era,654
B,33,False,nnue-era,2847
K,46,True,nnue-era,2175
K,19,True,nnue-era,2833
K,18,False,nnue-era,4679
R,10,False,nnue-era,4363
Q,20,False,nnue-era,2963
R,36,True,nnue-era,3579
K,49,True,nnue-era,992
K,40,True,nnue-era,498
R,34,False,nnue-era,2287
R,26,False,nnue-era,2982
Q,57,True,nnue-era,1123
R,19,True,nnue-era,3639
K,45,False,nnue-era,7373
Q,40,False,nnue-era,1351
Q,40,True,nnue-era,1753
B,32,False,nnue-era,1820
B,41,False,nnue-era,3312
B,28,False,nnue-era,4986
P,18,False,nnue-era,4142
B,22,False,nnue-era,1737
K,36,False,nnue-era,3874
K,35,False,nnue-era,3124
K,34,False,nnue-era,2579
K,43,False,nnue-era,5248
R,8,True,nnue-era,1604
R,31,True,nnue-era,1619
R,55,True,nnue-era,2596
K,47,False,nnue-era,3249
R,14,True,nnue-era,1515
R,62,True,nnue-era,1510
K,39,False,nnue-era,1835
R,22,True,nnue-era,2335
B,46,True,nnue-era,1971
R,37,True,nnue-era,2337
K,41,False,nnue-era,2336
K,26,True,nnue-era,2560
R,32,True,nnue-era,2124
K,34,True,nnue-era,1812
Q,31,True,nnue-era,2759
R,56,False,nnue-era,4002
R,7,True,nnue-era,2633
R,50,True,nnue-era,4216
K,11,False,nnue-era,2108
B,44,True,nnue-era,3501
K,49,False,nnue-era,2241
B,4,False,nnue-era,621
R,46,True,nnue-era,1773
K,37,True,nnue-era,2124
P,16,False,nnue-era,2774
P,8,False,nnue-era,1375
K,50,False,nnue-era,4334
K,45,True,nnue-era,1275
K,44,True,nnue-era,1181
K,43,True,nnue-era,1208
R,24,True,nnue-era,1749
R,41,True,nnue-era,2205
K,35,True,nnue-era,1957
K,29,False,nnue-era,2367
K,27,True,nnue-era,3016
R,47,True,nnue-era,1845
R,39,True,nnue-era,1735
K,33,True,nnue-era,1430
K,41,True,nnue-era,969
K,42,True,nnue-era,1240
R,63,True,nnue-era,1776
K,36,True,nnue-era,2020
K,46,True,nnue-era,1275
B,12,False,nnue-era,2313
B,11,False,nnue-era,2164
B,36,True,nnue-era,5508
Q,2,False,nnue-era,1515
Q,33,False,nnue-era,2374
B,56,False,nnue-era,542
Q,22,False,nnue-era,2168
Q,34,True,nnue-era,2621
K,15,True,nnue-era,7359
Q,42,True,nnue-era,3027
K,54,False,nnue-era,778
R,59,True,nnue-era,4467
R,26,True,nnue-era,2159
R,52,False,nnue-era,4021
B,52,True,nnue-era,2839
R,12,False,nnue-era,3701
P,23,False,nnue-era,2215
P,49,True,nnue-era,1186
P,22,False,nnue-era,2693
P,15,False,nnue-era,999
P,57,True,nnue-era,553
Q,63,True,nnue-era,1788
Q,15,True,nnue-era,565
B,39,True,nnue-era,1433
K,5,False,nnue-era,674
R,27,False,nnue-era,3267
Q,8,True,nnue-era,640
Q,44,True,nnue-era,3295
R,23,True,nnue-era,1730
R,24,False,nnue-era,2231
R,25,False,nnue-era,2192
B,22,True,nnue-era,4645
Q,47,False,nnue-era,1460
Q,10,False,nnue-era,2686
K,42,False,nnue-era,3642
B,15,False,nnue-era,851
Q,6,False,nnue-era,907
K,4,True,nnue-era,1265
B,5,False,nnue-era,1129
B,5,True,nnue-era,2446
P,13,False,nnue-era,955
B,23,True,nnue-era,1947
K,1,True,nnue-era,795
B,6,True,nnue-era,272
K,30,True,nnue-era,3271
Q,15,False,nnue-era,1737
Q,14,True,nnue-era,1419
B,14,False,nnue-era,1780
K,56,False,nnue-era,810
R,1,False,nnue-era,2017
R,2,False,nnue-era,2912
R,18,False,nnue-era,3139
B,9,False,nnue-era,1972
P,55,True,nnue-era,1096
P,63,True,nnue-era,564
Q,63,False,nnue-era,272
K,17,True,nnue-era,2336
B,60,True,nnue-era,627
K,50,False,nnue-era,1626
P,17,False,nnue-era,3149
B,58,True,nnue-era,662
P,10,False,nnue-era,1101
R,31,False,nnue-era,1550
R,18,True,nnue-era,2379
K,20,True,nnue-era,6691
B,30,True,nnue-era,2468
K,22,False,nnue-era,1298
R,17,True,nnue-era,1798
K,13,False,nnue-era,695
K,23,True,nnue-era,3172
K,31,True,nnue-era,1773
R,56,True,nnue-era,2310
B,17,False,nnue-era,1303
P,0,False,nnue-era,754
P,52,True,nnue-era,1172
P,59,True,nnue-era,461
B,63,True,nnue-era,427
Q,51,True,nnue-era,2534
K,54,True,nnue-era,813
K,47,True,nnue-era,904
Q,54,False,nnue-era,1523
R,47,False,nnue-era,1313
R,46,False,nnue-era,1836
R,8,False,nnue-era,4030
K,41,False,nnue-era,4507
K,31,True,nnue-era,3439
B,59,False,nnue-era,1351
Q,49,True,nnue-era,3424
K,8,True,nnue-era,411
R,39,False,nnue-era,1455
K,29,True,nnue-era,3990
R,30,False,nnue-era,1798
K,33,False,nnue-era,1702
K,0,True,nnue-era,886
K,17,False,nnue-era,1070
K,62,False,nnue-era,881
K,28,False,nnue-era,2252
Q,52,True,nnue-era,2589
R,28,False,nnue-era,3235
K,61,False,nnue-era,1660
K,46,False,nnue-era,4107
K,24,False,nnue-era,1108
K,27,False,nnue-era,1985
K,18,False,nnue-era,1200
K,61,True,nnue-era,803
Q,61,False,nnue-era,1500
P,51,True,nnue-era,1267
Q,55,False,nnue-era,490
Q,62,False,nnue-era,433
Q,48,True,nnue-era,2047
B,3,False,nnue-era,888
P,6,False,nnue-era,409
K,9,True,nnue-era,443
R,43,False,nnue-era,2995
P,58,True,nnue-era,522
P,40,True,nnue-era,2560
P,48,True,nnue-era,1356
P,56,True,nnue-era,736
B,24,False,nnue-era,1094
B,6,False,nnue-era,361
R,57,True,nnue-era,1993
K,2,False,nnue-era,627
B,48,False,nnue-era,736
K,32,True,nnue-era,681
K,40,True,nnue-era,550
K,49,True,nnue-era,650
K,58,True,nnue-era,227
K,51,True,nnue-era,528
K,53,True,nnue-era,666
K,54,True,nnue-era,656
K,62,True,nnue-era,291
K,63,True,nnue-era,210
B,55,True,nnue-era,1177
R,16,False,nnue-era,2621
R,0,False,nnue-era,2495
Q,48,False,nnue-era,804
P,11,False,nnue-era,1095
Q,9,True,nnue-era,1601
Q,53,False,nnue-era,2367
K,41,True,nnue-era,1766
B,43,True,nnue-era,3519
Q,1,False,nnue-era,1152
B,48,True,nnue-era,877
P,2,False,nnue-era,479
K,11,False,nnue-era,581
P,12,False,nnue-era,923
P,4,False,nnue-era,405
K,12,False,nnue-era,628
Q,1,True,nnue-era,1121
K,16,False,nnue-era,597
K,8,False,nnue-era,458
Q,0,True,nnue-era,870
K,62,True,nnue-era,180
Q,16,True,nnue-era,1216
K,48,True,nnue-era,714
P,53,True,nnue-era,1264
R,15,True,nnue-era,1077
B,57,True,nnue-era,518
B,4,True,nnue-era,953
K,21,False,nnue-era,1393
K,14,True,nnue-era,543
K,14,False,nnue-era,617
K,15,False,nnue-era,424
K,7,False,nnue-era,201
K,50,True,nnue-era,671
Q,2,True,nnue-era,2074
K,38,True,nnue-era,2132
P,9,False,nnue-era,1252
K,10,True,nnue-era,1355
B,58,False,nnue-era,2099
K,6,False,nnue-era,144
Q,6,True,nnue-era,423
R,22,False,nnue-era,1639
K,39,True,nnue-era,1288
K,60,True,nnue-era,203
K,48,True,nnue-era,379
B,41,True,nnue-era,1461
P,1,False,nnue-era,545
B,15,True,nnue-era,760
K,31,False,nnue-era,1248
K,58,True,nnue-era,763
B,63,False,nnue-era,448
K,2,False,nnue-era,301
K,1,False,nnue-era,340
P,54,True,nnue-era,1217
P,62,True,nnue-era,452
K,10,False,nnue-era,695
K,3,False,nnue-era,233
K,4,False,nnue-era,237
K,16,False,nnue-era,554
P,60,True,nnue-era,423
K,9,False,nnue-era,698
K,58,False,nnue-era,709
B,32,True,nnue-era,1050
B,55,False,nnue-era,680
P,5,False,nnue-era,424
K,47,True,nnue-era,778
K,55,False,nnue-era,1055
B,62,True,nnue-era,482
K,63,False,nnue-era,100
Q,41,True,nnue-era,1613
K,59,False,nnue-era,1060
K,6,False,nnue-era,263
K,5,False,nnue-era,249
K,2,True,nnue-era,657
K,57,True,nnue-era,244
K,52,True,nnue-era,630
K,59,True,nnue-era,186
K,61,True,nnue-era,254
P,61,True,nnue-era,473
K,24,True,nnue-era,804
P,3,False,nnue-era,424
B,7,True,nnue-era,258
B,2,False,nnue-era,640
B,0,True,nnue-era,421
K,55,True,nnue-era,452
K,1,False,nnue-era,235
K,57,True,nnue-era,229
K,0,True,nnue-era,84
K,56,True,nnue-era,176
K,7,True,nnue-era,119
B,62,False,nnue-era,235
K,0,False,nnue-era,245
K,56,False,nnue-era,121
K,18,True,modern,4
P,36,False,modern,2
K,21,True,modern,6
K,42,False,modern,5
P,23,True,modern,3
B,25,False,modern,1
R,15,True,modern,1
B,43,False,modern,2
P,31,True,modern,1
P,28,False,modern,3
K,28,True,modern,2
B,15,False,modern,1
K,15,True,modern,1
K,45,False,modern,4
K,45,True,modern,2
Q,45,False,modern,1
P,28,True,modern,6
K,62,False,modern,2
P,19,True,modern,2
Q,31,False,modern,1
Q,7,False,modern,1
P,27,True,modern,5
P,43,False,modern,4
Q,19,True,modern,2
P,41,False,modern,1
B,29,True,modern,3
K,25,False,modern,2
P,18,True,modern,4
K,19,False,modern,1
K,3,True,modern,1
Q,5,False,modern,1
K,11,True,modern,1
Q,0,False,modern,1
K,19,True,modern,1
B,40,False,modern,1
P,35,False,modern,4
P,36,True,modern,2
P,45,False,modern,2
P,45,True,modern,2
Q,52,False,modern,3
B,20,True,modern,2
P,37,False,modern,2
B,12,True,modern,2
K,28,False,modern,1
K,11,True,modern,2
K,11,False,modern,1
Q,11,True,modern,1
P,29,False,modern,2
Q,51,False,modern,1
B,43,True,modern,2
K,6,True,modern,3
B,19,True,modern,1
K,32,False,modern,1
R,4,True,modern,7
K,26,False,modern,1
R,52,True,modern,4
K,52,False,modern,2
Q,4,True,modern,1
K,51,False,modern,1
B,26,True,modern,4
P,26,False,modern,2
Q,12,True,modern,2
K,59,False,modern,2
Q,26,True,modern,1
B,51,False,modern,1
R,58,False,modern,2
R,61,False,modern,1
Q,55,True,modern,1
R,53,False,modern,1
Q,62,True,modern,1
K,50,False,modern,1
Q,53,True,modern,3
R,60,False,modern,3
R,60,True,modern,2
K,42,False,modern,1
K,41,False,modern,2
R,51,True,modern,2
K,33,False,modern,4
Q,54,True,modern,2
K,26,False,modern,2
R,43,True,modern,1
K,19,False,modern,2
Q,36,True,modern,1
K,10,False,modern,1
P,42,False,modern,3
P,44,False,modern,3
Q,21,True,modern,2
K,52,False,modern,1
B,44,True,modern,1
K,53,False,modern,3
K,46,False,modern,1
B,52,False,modern,4
K,38,True,modern,1
P,47,False,modern,2
K,44,True,modern,1
B,44,False,modern,1
B,53,False,modern,1
K,51,False,modern,2
P,44,True,modern,1
K,36,False,modern,3
R,36,True,modern,2
P,53,True,modern,2
B,45,False,modern,1
B,11,True,modern,1
Q,43,False,modern,3
Q,35,False,modern,2
Q,34,False,modern,1
K,35,True,modern,1
K,29,True,modern,2
B,37,False,modern,1
P,20,True,modern,1
P,35,True,modern,3
K,58,False,modern,2
P,42,True,modern,2
K,47,False,modern,1
K,23,True,modern,1
B,39,True,modern,1
K,30,False,modern,1
B,30,True,modern,1
B,30,False,modern,2
Q,30,True,modern,1
K,57,False,modern,1
R,63,False,modern,1
Q,52,True,modern,1
R,62,False,modern,1
Q,28,True,modern,1
Q,44,True,modern,1
R,59,False,modern,3
P,27,False,modern,1
K,46,True,modern,1
R,55,False,modern,1
R,51,False,modern,3
Q,51,True,modern,1
R,3,True,modern,2
K,56,False,modern,1
P,19,False,modern,1
R,2,True,modern,1
P,34,False,modern,3
K,60,True,modern,1
K,49,False,modern,1
R,19,True,modern,1
R,27,True,modern,1
K,34,False,modern,1
R,50,True,modern,2
K,24,False,modern,2
R,26,True,modern,2
R,48,True,modern,1
P,29,True,modern,1
P,37,True,modern,1
P,39,False,modern,1
P,31,False,modern,1
P,23,False,modern,1
P,61,True,modern,1
Q,13,True,modern,1
K,28,False,modern,1
K,35,False,modern,3
B,34,False,modern,1
B,34,True,modern,1
K,36,True,modern,3
K,29,False,modern,3
Q,59,True,modern,1
K,53,True,modern,2
K,60,False,modern,1
K,63,True,modern,1
K,14,False,modern,2
K,5,True,modern,1
P,21,True,modern,1
B,23,False,modern,1
K,13,True,modern,1
K,45,False,modern,2
R,12,True,modern,1
P,33,False,modern,1
B,33,True,modern,1
R,28,True,modern,1
B,35,True,modern,1
R,35,False,modern,1
K,26,True,modern,1
K,42,True,modern,1
R,43,False,modern,2
K,48,True,modern,1
K,33,True,modern,2
K,37,False,modern,1
R,20,True,modern,1
K,43,True,modern,1
K,46,False,modern,2
R,30,True,modern,1
K,39,False,modern,2
K,47,False,modern,1
P,38,False,modern,1
R,34,True,modern,1
R,44,True,modern,1
P,26,True,modern,1
P,34,True,modern,1
Q,3,False,modern,1
K,3,True,modern,1
P,49,True,modern,1
B,49,False,modern,1
K,20,True,modern,1
P,17,True,modern,1
B,9,True,modern,1
K,10,True,modern,1
P,22,True,modern,1
K,21,False,modern,1
K,12,True,modern,1
R,11,False,modern,1
